Date,Price,Open,High,Low,Vol.,Change %
1/1/2016,434,429,437,426,12.97K,1.16%
1/2/2016,433,434,436,430,6.38K,-0.29%
1/3/2016,429,433,433,422,19.18K,-0.93%
1/4/2016,433,429,436,427,13.02K,0.99%
1/5/2016,432,433,435,428,11.22K,-0.24%
1/6/2016,428,432,432,425,8.74K,-0.89%
1/7/2016,459,429,462,427,55.66K,7.26%
1/8/2016,454,459,465,447,30.45K,-1.10%
1/9/2016,449,454,456,448,8.76K,-1.05%
1/10/2016,449,449,450,441,13.75K,0.03%
1/11/2016,449,449,453,444,14.81K,-0.02%
1/12/2016,432,449,450,429,20.66K,-3.83%
1/13/2016,431,432,436,416,33.24K,-0.22%
1/14/2016,429,431,435,426,13.30K,-0.42%
1/15/2016,359,429,429,358,123.88K,-16.40%
1/16/2016,388,359,392,353,74.07K,8.24%
1/17/2016,382,388,393,379,20.63K,-1.63%
1/18/2016,387,382,389,375,19.55K,1.30%
1/19/2016,379,387,388,377,17.19K,-2.09%
1/20/2016,419,379,428,375,82.80K,10.67%
1/21/2016,411,420,425,405,29.03K,-2.01%
1/22/2016,381,411,411,371,62.21K,-7.31%
1/23/2016,386,381,394,380,21.47K,1.21%
1/24/2016,403,386,407,385,23.22K,4.46%
1/25/2016,391,403,403,384,22.66K,-2.93%
1/26/2016,391,391,398,388,13.32K,0.09%
1/27/2016,395,391,397,390,8.54K,0.93%
1/28/2016,378,395,396,376,25.03K,-4.20%
1/29/2016,378,378,385,360,62.20K,-0.20%
1/30/2016,377,378,381,374,10.50K,-0.18%
1/31/2016,366,377,379,363,14.85K,-3.04%
2/1/2016,371,366,379,363,24.84K,1.62%
2/2/2016,373,371,375,370,10.44K,0.40%
2/3/2016,369,373,374,366,13.20K,-1.05%
2/4/2016,390,369,394,369,37.34K,5.64%
2/5/2016,387,390,393,385,16.90K,-0.84%
2/6/2016,374,387,387,366,40.20K,-3.31%
2/7/2016,372,374,378,369,13.06K,-0.47%
2/8/2016,371,372,377,369,16.88K,-0.41%
2/9/2016,374,371,378,370,9.08K,0.94%
2/10/2016,381,374,387,373,33.67K,1.85%
2/11/2016,378,381,383,372,14.52K,-0.76%
2/12/2016,383,378,384,377,10.15K,1.32%
2/13/2016,393,383,393,383,14.73K,2.61%
2/14/2016,408,393,409,393,29.47K,3.90%
2/15/2016,400,408,413,395,30.13K,-2.06%
2/16/2016,407,400,409,399,13.99K,1.84%
2/17/2016,415,407,422,405,30.40K,1.86%
2/18/2016,422,415,426,413,25.23K,1.60%
2/19/2016,420,422,423,412,13.26K,-0.36%
2/20/2016,439,420,445,420,47.48K,4.45%
2/21/2016,441,439,451,428,43.01K,0.41%
2/22/2016,440,441,443,433,16.34K,-0.05%
2/23/2016,421,440,443,416,32.43K,-4.35%
2/24/2016,426,421,428,411,22.43K,1.24%
2/25/2016,425,426,430,420,13.60K,-0.35%
2/26/2016,435,425,435,420,18.85K,2.45%
2/27/2016,434,436,438,432,11.59K,-0.25%
2/28/2016,435,434,438,422,19.86K,0.06%
2/29/2016,439,435,445,431,20.40K,1.08%
3/1/2016,435,439,443,429,19.63K,-0.99%
3/2/2016,422,435,436,421,16.46K,-2.90%
3/3/2016,421,422,424,416,20.87K,-0.39%
3/4/2016,409,421,424,408,21.75K,-2.79%
3/5/2016,397,409,410,390,46.95K,-2.80%
3/6/2016,404,397,410,392,19.71K,1.65%
3/7/2016,413,404,415,402,15.31K,2.18%
3/8/2016,411,413,416,406,10.23K,-0.33%
3/9/2016,413,411,415,408,9.03K,0.39%
3/10/2016,417,413,417,411,13.71K,0.86%
3/11/2016,421,417,424,416,15.46K,0.96%
3/12/2016,410,421,422,407,17.02K,-2.49%
3/13/2016,412,410,416,410,7.63K,0.44%
3/14/2016,416,412,418,412,9.21K,1.01%
3/15/2016,416,416,419,413,9.63K,-0.12%
3/16/2016,417,416,418,414,7.07K,0.43%
3/17/2016,419,417,421,417,8.31K,0.35%
3/18/2016,408,419,419,403,21.09K,-2.64%
3/19/2016,408,408,411,404,8.96K,0.17%
3/20/2016,411,408,413,408,5.66K,0.70%
3/21/2016,412,411,412,406,7.82K,0.15%
3/22/2016,418,412,419,410,10.20K,1.41%
3/23/2016,418,418,420,416,7.19K,0.10%
3/24/2016,415,418,418,414,7.56K,-0.67%
3/25/2016,416,415,417,413,3.69K,0.17%
3/26/2016,417,416,419,415,5.04K,0.17%
3/27/2016,427,417,431,416,22.33K,2.56%
3/28/2016,424,427,428,422,9.25K,-0.77%
3/29/2016,416,424,426,408,23.30K,-1.95%
3/30/2016,413,416,416,409,9.04K,-0.63%
3/31/2016,416,413,418,413,7.27K,0.68%
4/1/2016,418,416,418,414,5.41K,0.37%
4/2/2016,420,418,423,418,6.12K,0.66%
4/3/2016,421,420,422,418,4.25K,0.07%
4/4/2016,421,421,421,416,5.75K,-0.03%
4/5/2016,424,421,425,420,7.26K,0.78%
4/6/2016,423,424,425,422,5.68K,-0.28%
4/7/2016,422,423,423,418,7.73K,-0.07%
4/8/2016,419,422,425,416,9.85K,-0.90%
4/9/2016,419,419,419,412,6.33K,0.00%
4/10/2016,421,419,423,418,4.25K,0.68%
4/11/2016,424,421,424,419,6.40K,0.57%
4/12/2016,427,424,430,424,14.77K,0.67%
4/13/2016,425,427,428,423,6.67K,-0.43%
4/14/2016,426,425,426,424,4.13K,0.30%
4/15/2016,432,426,432,426,15.84K,1.28%
4/16/2016,432,432,436,431,7.71K,0.13%
4/17/2016,429,433,434,426,8.48K,-0.82%
4/18/2016,430,429,431,427,7.58K,0.36%
4/19/2016,438,430,439,429,12.05K,1.80%
4/20/2016,444,438,447,437,21.25K,1.41%
4/21/2016,452,444,455,442,17.83K,1.82%
4/22/2016,448,452,453,445,12.21K,-0.94%
4/23/2016,454,448,455,446,10.16K,1.32%
4/24/2016,463,454,465,450,24.13K,2.05%
4/25/2016,462,463,472,455,25.90K,-0.27%
4/26/2016,468,462,472,462,18.72K,1.38%
4/27/2016,445,468,470,443,40.28K,-4.92%
4/28/2016,451,445,451,435,25.33K,1.21%
4/29/2016,455,451,457,446,13.42K,1.08%
4/30/2016,447,455,456,445,10.58K,-1.92%
5/1/2016,451,447,453,446,3.90K,1.01%
5/2/2016,444,451,453,436,29.74K,-1.64%
5/3/2016,450,444,452,440,12.16K,1.50%
5/4/2016,447,450,451,445,7.05K,-0.67%
5/5/2016,448,447,450,446,10.79K,0.23%
5/6/2016,461,448,465,448,26.54K,2.85%
5/7/2016,460,461,463,458,7.81K,-0.21%
5/8/2016,460,460,462,456,6.45K,-0.07%
5/9/2016,462,460,465,458,15.12K,0.37%
5/10/2016,451,462,464,446,22.57K,-2.35%
5/11/2016,452,451,455,450,8.03K,0.35%
5/12/2016,455,452,456,446,18.08K,0.60%
5/13/2016,456,455,458,452,7.13K,0.17%
5/14/2016,456,456,459,454,3.61K,0.00%
5/15/2016,458,456,461,455,5.64K,0.46%
5/16/2016,453,458,459,451,8.77K,-1.07%
5/17/2016,453,453,455,451,7.63K,0.05%
5/18/2016,454,453,457,452,7.16K,0.06%
5/19/2016,435,454,455,433,30.35K,-4.08%
5/20/2016,442,435,443,433,14.29K,1.51%
5/21/2016,441,442,442,437,6.22K,-0.17%
5/22/2016,438,441,441,435,7.24K,-0.76%
5/23/2016,444,438,444,437,7.87K,1.41%
5/24/2016,445,444,448,442,8.33K,0.31%
5/25/2016,449,445,450,443,12.35K,0.91%
5/26/2016,454,449,455,446,9.52K,1.09%
5/27/2016,472,454,482,454,59.12K,3.98%
5/28/2016,527,472,541,471,74.36K,11.65%
5/29/2016,531,527,567,513,83.72K,0.76%
5/30/2016,533,531,548,521,32.60K,0.36%
5/31/2016,531,533,547,518,49.88K,-0.41%
6/1/2016,537,531,546,524,27.82K,1.15%
6/2/2016,539,537,544,532,16.88K,0.37%
6/3/2016,571,539,579,536,48.45K,5.95%
6/4/2016,573,571,594,562,39.12K,0.32%
6/5/2016,574,573,586,565,28.14K,0.23%
6/6/2016,585,574,589,574,27.45K,1.95%
6/7/2016,577,585,592,561,36.12K,-1.43%
6/8/2016,583,577,585,571,18.08K,1.07%
6/9/2016,576,583,584,570,21.87K,-1.29%
6/10/2016,580,576,582,573,16.17K,0.79%
6/11/2016,615,580,615,579,28.43K,5.94%
6/12/2016,671,615,685,607,116.40K,9.19%
6/13/2016,706,672,719,660,117.69K,5.20%
6/14/2016,685,706,706,657,65.74K,-3.03%
6/15/2016,697,685,699,669,34.04K,1.81%
6/16/2016,770,697,779,697,123.86K,10.41%
6/17/2016,749,770,780,703,97.38K,-2.70%
6/18/2016,758,749,790,722,66.95K,1.19%
6/19/2016,767,758,772,740,26.70K,1.28%
6/20/2016,744,767,768,724,49.09K,-3.05%
6/21/2016,669,706,716,669,102.12K,-10.08%
6/22/2016,606,669,688,589,100.50K,-9.40%
6/23/2016,626,606,638,556,122.98K,3.26%
6/24/2016,666,626,680,626,92.36K,6.43%
6/25/2016,665,666,698,643,55.63K,-0.18%
6/26/2016,627,665,668,614,45.12K,-5.63%
6/27/2016,662,627,662,617,46.01K,5.54%
6/28/2016,646,662,664,633,35.75K,-2.40%
6/29/2016,640,647,647,622,33.26K,-1.02%
6/30/2016,675,640,678,636,40.25K,5.48%
7/1/2016,675,675,691,668,41.62K,0.00%
7/2/2016,705,675,705,673,29.14K,4.49%
7/3/2016,659,706,707,644,44.70K,-6.49%
7/4/2016,681,659,684,645,23.52K,3.34%
7/5/2016,668,681,683,659,17.40K,-1.99%
7/6/2016,677,668,683,667,15.92K,1.39%
7/7/2016,641,677,682,610,75.70K,-5.40%
7/8/2016,665,641,667,634,32.88K,3.79%
7/9/2016,648,665,665,624,46.88K,-2.51%
7/10/2016,650,648,652,637,10.27K,0.25%
7/11/2016,648,650,663,643,13.92K,-0.27%
7/12/2016,667,648,678,646,30.22K,2.97%
7/13/2016,654,667,670,653,17.54K,-2.02%
7/14/2016,660,654,666,650,20.20K,0.93%
7/15/2016,666,660,670,658,9.47K,0.87%
7/16/2016,665,666,670,659,5.92K,-0.03%
7/17/2016,683,665,690,664,20.41K,2.69%
7/18/2016,674,683,686,667,18.08K,-1.30%
7/19/2016,675,674,677,666,10.95K,0.10%
7/20/2016,666,675,676,661,12.85K,-1.36%
7/21/2016,665,666,668,658,10.70K,-0.13%
7/22/2016,648,665,668,640,27.84K,-2.55%
7/23/2016,654,648,657,645,10.00K,0.92%
7/24/2016,662,654,664,651,14.02K,1.19%
7/25/2016,654,662,664,650,14.84K,-1.16%
7/26/2016,649,654,658,641,20.36K,-0.87%
7/27/2016,655,649,657,647,11.79K,0.93%
7/29/2016,658,657,660,655,9.23K,0.59%
7/30/2016,655,658,661,652,8.09K,-0.51%
7/31/2016,624,655,655,621,33.26K,-4.78%
8/1/2016,608,623,627,605,31.43K,-2.51%
8/2/2016,604,608,615,595,48.65K,-0.66%
8/3/2016,604,604,604,604,-,0.02%
8/4/2016,604,604,604,604,-,0.00%
8/5/2016,604,604,604,604,-,0.00%
8/6/2016,604,604,604,604,-,0.00%
8/7/2016,604,604,604,604,-,0.00%
8/8/2016,604,604,604,604,-,0.00%
8/9/2016,604,604,604,604,-,0.00%
8/10/2016,590,604,615,579,21.35K,-2.29%
8/11/2016,591,591,599,588,15.30K,0.17%
8/12/2016,586,591,593,584,6.29K,-0.98%
8/13/2016,584,586,590,582,6.42K,-0.30%
8/14/2016,569,584,584,564,7.51K,-2.45%
8/15/2016,565,569,574,563,7.65K,-0.84%
8/16/2016,574,565,579,564,6.22K,1.70%
8/17/2016,572,574,578,569,5.03K,-0.42%
8/18/2016,572,572,578,570,6.00K,0.07%
8/19/2016,574,572,577,571,2.93K,0.23%
8/20/2016,582,574,583,571,3.34K,1.48%
8/21/2016,581,582,584,580,2.43K,-0.10%
8/22/2016,588,581,590,581,4.62K,1.13%
8/23/2016,584,588,591,581,4.80K,-0.76%
8/24/2016,580,584,587,580,5.05K,-0.55%
8/25/2016,577,580,581,574,3.57K,-0.54%
8/26/2016,578,577,580,575,1.77K,0.14%
8/27/2016,569,578,579,567,2.26K,-1.64%
8/28/2016,574,569,574,568,1.52K,0.99%
8/29/2016,575,574,578,573,2.80K,0.11%
8/30/2016,580,575,580,574,3.20K,0.82%
8/31/2016,576,580,580,573,3.51K,-0.58%
9/1/2016,573,576,578,572,3.62K,-0.59%
9/2/2016,580,573,581,571,5.67K,1.24%
9/3/2016,610,580,612,576,8.21K,5.18%
9/4/2016,615,610,619,605,5.06K,0.76%
9/5/2016,612,615,616,606,5.08K,-0.49%
9/6/2016,615,612,617,610,3.09K,0.61%
9/7/2016,620,615,621,611,5.53K,0.73%
9/8/2016,632,620,636,618,8.27K,1.93%
9/9/2016,626,632,634,621,4.27K,-0.87%
9/10/2016,628,626,630,625,4.04K,0.28%
9/11/2016,612,628,635,598,9.64K,-2.54%
9/12/2016,612,612,615,608,4.97K,-0.08%
9/13/2016,614,612,618,610,7.27K,0.43%
9/14/2016,614,614,617,612,5.93K,-0.06%
9/15/2016,612,614,617,611,4.38K,-0.34%
9/16/2016,610,612,614,610,3.70K,-0.29%
9/17/2016,608,610,611,605,3.57K,-0.38%
9/18/2016,613,608,616,607,2.93K,0.88%
9/19/2016,610,613,615,609,2.96K,-0.53%
9/20/2016,600,610,612,600,3.37K,-1.60%
9/21/2016,597,600,600,593,7.66K,-0.44%
9/22/2016,597,597,599,596,2.33K,-0.06%
9/23/2016,603,597,604,596,1.96K,1.04%
9/24/2016,603,603,606,602,0.94K,-0.12%
9/25/2016,600,603,604,598,1.39K,-0.36%
9/26/2016,609,600,610,600,3.11K,1.46%
9/27/2016,606,609,610,602,3.20K,-0.59%
9/28/2016,604,606,606,603,2.05K,-0.29%
9/29/2016,605,604,608,603,3.14K,0.14%
9/30/2016,611,605,613,604,2.36K,1.08%
10/1/2016,614,611,617,611,1.90K,0.49%
10/2/2016,609,614,614,607,4.97K,-0.81%
10/3/2016,613,609,613,609,3.28K,0.57%
10/4/2016,611,613,614,610,4.01K,-0.26%
10/5/2016,614,611,617,610,3.41K,0.51%
10/6/2016,614,614,616,613,3.08K,-0.09%
10/7/2016,620,614,621,613,4.85K,1.08%
10/8/2016,621,620,623,618,3.11K,0.06%
10/9/2016,617,621,621,614,2.74K,-0.63%
10/10/2016,619,617,620,616,3.09K,0.37%
10/11/2016,642,619,646,618,12.53K,3.70%
10/12/2016,638,642,644,637,3.85K,-0.64%
10/13/2016,637,638,644,636,5.01K,-0.10%
10/14/2016,643,637,645,637,6.64K,0.94%
10/15/2016,640,643,646,638,2.40K,-0.44%
10/16/2016,644,640,646,640,2.39K,0.62%
10/17/2016,640,644,645,638,5.02K,-0.68%
10/18/2016,639,640,642,633,6.09K,-0.15%
10/19/2016,632,639,644,628,8.99K,-1.10%
10/20/2016,633,632,634,628,3.34K,0.11%
10/21/2016,637,633,639,632,7.22K,0.68%
10/22/2016,665,637,671,635,10.09K,4.44%
10/23/2016,659,665,671,656,5.73K,-0.90%
10/24/2016,655,659,659,654,5.70K,-0.66%
10/25/2016,660,655,670,653,5.52K,0.74%
10/26/2016,679,660,686,659,11.69K,2.91%
10/27/2016,689,679,691,677,12.93K,1.47%
10/28/2016,694,689,695,682,10.10K,0.70%
10/29/2016,715,694,724,692,15.28K,3.03%
10/30/2016,703,715,717,698,12.20K,-1.67%
10/31/2016,704,703,706,688,10.56K,0.22%
11/1/2016,734,704,747,701,22.23K,4.27%
11/2/2016,738,731,740,724,8.39K,0.51%
11/3/2016,690,747,754,676,26.99K,-6.48%
11/4/2016,708,697,711,687,13.97K,2.66%
11/5/2016,708,707,714,701,5.93K,0.00%
11/6/2016,713,709,722,700,6.93K,0.65%
11/7/2016,708,713,713,700,3.66K,-0.73%
11/8/2016,714,705,718,703,9.07K,0.87%
11/9/2016,724,714,743,709,15.73K,1.38%
11/10/2016,715,724,725,709,4.35K,-1.24%
11/11/2016,715,715,719,712,4.58K,-0.01%
11/12/2016,704,715,717,700,6.19K,-1.54%
11/13/2016,708,703,708,688,8.61K,0.61%
11/14/2016,707,708,709,699,6.01K,-0.09%
11/15/2016,712,707,720,707,7.94K,0.67%
11/16/2016,745,712,748,710,17.95K,4.61%
11/17/2016,741,745,762,735,14.89K,-0.58%
11/18/2016,754,741,757,735,6.96K,1.80%
11/19/2016,753,754,760,740,6.04K,-0.14%
11/20/2016,730,753,757,712,13.91K,-3.09%
11/21/2016,739,730,741,728,7.20K,1.28%
11/22/2016,750,739,754,733,9.48K,1.50%
11/23/2016,742,750,751,731,5.58K,-1.07%
11/24/2016,738,742,744,728,6.07K,-0.58%
11/25/2016,740,738,741,730,4.06K,0.36%
11/26/2016,731,740,741,720,4.49K,-1.24%
11/27/2016,725,731,736,723,3.49K,-0.85%
11/28/2016,732,725,735,725,4.14K,0.90%
11/29/2016,731,732,734,729,5.65K,-0.06%
11/30/2016,739,731,743,729,5.53K,1.09%
12/1/2016,755,739,756,739,13.40K,2.21%
12/2/2016,775,755,779,755,13.41K,2.59%
12/3/2016,765,775,775,756,5.73K,-1.24%
12/4/2016,769,766,770,761,4.20K,0.42%
12/5/2016,751,769,769,745,10.07K,-2.33%
12/6/2016,757,751,759,750,5.28K,0.90%
12/7/2016,765,757,772,749,10.69K,1.01%
12/8/2016,765,765,773,763,4.75K,0.00%
12/9/2016,771,765,773,765,3.65K,0.72%
12/10/2016,773,771,778,770,3.36K,0.31%
12/11/2016,770,773,774,762,4.14K,-0.35%
12/12/2016,778,770,784,770,6.76K,1.01%
12/13/2016,775,778,789,764,5.58K,-0.38%
12/14/2016,775,775,781,771,3.68K,-0.07%
12/15/2016,777,775,780,775,3.18K,0.38%
12/16/2016,784,777,785,776,4.77K,0.87%
12/17/2016,791,784,793,784,6.20K,0.87%
12/18/2016,790,791,793,784,2.43K,-0.10%
12/19/2016,791,790,792,788,2.15K,0.05%
12/20/2016,798,791,802,788,6.99K,0.94%
12/21/2016,830,799,831,795,16.22K,4.01%
12/22/2016,859,829,874,825,15.25K,3.52%
12/23/2016,919,859,920,859,26.03K,6.96%
12/24/2016,895,919,920,883,7.39K,-2.58%
12/25/2016,898,895,902,859,12.04K,0.31%
12/26/2016,906,898,920,894,11.83K,0.94%
12/27/2016,936,906,940,904,9.19K,3.30%
12/28/2016,982,936,983,936,20.82K,4.85%
12/29/2016,973,982,983,949,22.56K,-0.92%
12/30/2016,959,975,975,930,19.36K,-1.37%
12/31/2016,967,959,968,945,7.16K,0.76%
1/1/2017,999,967,1007,961,13.44K,3.35%
1/2/2017,1019,999,1035,997,21.82K,2.03%
1/3/2017,1038,1019,1039,1014,14.11K,1.79%
1/4/2017,1140,1038,1150,1036,53.73K,9.84%
1/5/2017,1003,1140,1166,865,91.20K,-11.97%
1/6/2017,898,1004,1025,871,57.40K,-10.49%
1/7/2017,909,899,911,816,40.60K,1.21%
1/8/2017,916,909,943,890,30.75K,0.78%
1/9/2017,903,916,916,876,16.59K,-1.41%
1/10/2017,906,903,918,896,12.14K,0.31%
1/11/2017,779,906,923,760,62.87K,-14.04%
1/12/2017,805,780,831,739,35.91K,3.34%
1/13/2017,828,805,832,776,25.88K,2.93%
1/14/2017,815,828,839,801,12.53K,-1.55%
1/15/2017,821,815,823,805,5.39K,0.67%
1/16/2017,830,821,838,815,7.65K,1.14%
1/17/2017,904,830,911,828,27.34K,8.90%
1/18/2017,888,904,914,847,21.30K,-1.80%
1/19/2017,900,888,908,885,15.08K,1.41%
1/20/2017,896,900,905,883,9.49K,-0.48%
1/21/2017,924,896,931,894,12.17K,3.13%
1/22/2017,924,924,940,892,21.84K,-0.03%
1/23/2017,910,924,929,910,9.63K,-1.48%
1/24/2017,886,908,927,884,20.73K,-2.63%
1/25/2017,893,886,900,884,10.48K,0.82%
1/26/2017,915,893,918,893,9.82K,2.44%
1/27/2017,917,915,922,905,10.14K,0.17%
1/28/2017,919,917,924,915,3.61K,0.30%
1/29/2017,913,919,923,911,2.70K,-0.75%
1/30/2017,917,913,921,910,3.45K,0.53%
1/31/2017,966,917,969,917,19.65K,5.32%
2/1/2017,984,966,985,960,11.35K,1.82%
2/2/2017,1006,984,1011,970,17.79K,2.23%
2/3/2017,1016,1007,1021,988,18.97K,0.99%
2/4/2017,1031,1017,1040,1002,17.19K,1.52%
2/5/2017,1007,1031,1033,996,16.19K,-2.38%
2/6/2017,1023,1007,1026,1006,8.90K,1.59%
2/7/2017,1052,1023,1056,1022,15.19K,2.88%
2/8/2017,1049,1053,1068,1013,23.09K,-0.31%
2/9/2017,985,1049,1078,936,59.96K,-6.09%
2/10/2017,992,985,1002,949,24.48K,0.71%
2/11/2017,1000,992,1009,984,9.32K,0.84%
2/12/2017,996,1000,1005,992,4.33K,-0.43%
2/13/2017,997,996,1005,976,9.05K,0.05%
2/14/2017,1014,997,1019,989,12.20K,1.73%
2/15/2017,1014,1013,1017,1002,5.61K,0.01%
2/16/2017,1038,1014,1046,1014,11.26K,2.43%
2/17/2017,1056,1039,1066,1034,16.17K,1.71%
2/18/2017,1060,1056,1071,1053,7.15K,0.34%
2/19/2017,1056,1060,1066,1045,6.44K,-0.34%
2/20/2017,1091,1056,1100,1044,13.29K,3.31%
2/21/2017,1130,1091,1134,1085,24.50K,3.52%
2/22/2017,1125,1130,1140,1106,14.33K,-0.38%
2/23/2017,1191,1126,1197,1120,26.12K,5.83%
2/24/2017,1185,1190,1222,1111,48.21K,-0.49%
2/25/2017,1153,1185,1190,1132,16.29K,-2.71%
2/26/2017,1178,1153,1186,1131,11.08K,2.19%
2/27/2017,1196,1178,1203,1171,11.76K,1.46%
2/28/2017,1189,1196,1216,1178,17.47K,-0.54%
3/1/2017,1233,1189,1234,1186,22.49K,3.68%
3/2/2017,1262,1233,1283,1213,30.55K,2.39%
3/3/2017,1288,1258,1295,1257,22.29K,2.05%
3/4/2017,1268,1289,1292,1240,15.55K,-1.58%
3/5/2017,1278,1268,1280,1245,9.32K,0.84%
3/6/2017,1279,1278,1288,1269,9.60K,0.07%
3/7/2017,1232,1279,1282,1186,42.01K,-3.67%
3/8/2017,1149,1232,1244,1142,46.82K,-6.74%
3/9/2017,1190,1150,1208,1136,24.15K,3.58%
3/10/2017,1114,1190,1329,971,104.89K,-6.45%
3/11/2017,1173,1114,1196,1107,31.26K,5.32%
3/12/2017,1225,1172,1233,1168,18.97K,4.47%
3/13/2017,1239,1224,1247,1208,23.07K,1.09%
3/14/2017,1245,1239,1258,1219,17.97K,0.52%
3/15/2017,1256,1245,1262,1241,15.84K,0.89%
3/16/2017,1169,1256,1260,1133,51.49K,-6.93%
3/17/2017,1068,1169,1170,1066,59.21K,-8.61%
3/18/2017,971,1068,1097,935,87.88K,-9.12%
3/19/2017,1016,972,1059,971,40.55K,4.64%
3/20/2017,1039,1017,1052,1011,20.53K,2.25%
3/21/2017,1115,1040,1121,1040,33.42K,7.31%
3/22/2017,1039,1116,1116,986,41.33K,-6.81%
3/23/2017,1033,1039,1055,1018,19.33K,-0.59%
3/24/2017,943,1033,1034,928,43.52K,-8.70%
3/25/2017,972,942,980,891,46.01K,3.08%
3/26/2017,969,971,1006,950,33.26K,-0.33%
3/27/2017,1043,969,1047,960,31.91K,7.61%
3/28/2017,1045,1043,1067,1017,25.25K,0.19%
3/29/2017,1042,1045,1059,1009,22.32K,-0.28%
3/30/2017,1041,1042,1054,1022,24.81K,-0.08%
3/31/2017,1082,1042,1089,1041,27.50K,3.91%
4/1/2017,1093,1081,1107,1070,17.00K,1.06%
4/2/2017,1108,1094,1118,1081,20.42K,1.32%
4/3/2017,1150,1108,1160,1108,30.42K,3.85%
4/4/2017,1145,1150,1162,1124,21.16K,-0.45%
4/5/2017,1141,1146,1147,1112,22.55K,-0.38%
4/6/2017,1192,1140,1206,1140,32.17K,4.46%
4/7/2017,1197,1192,1209,1177,20.44K,0.43%
4/8/2017,1188,1197,1203,1171,11.02K,-0.71%
4/9/2017,1216,1188,1227,1180,16.31K,2.34%
4/10/2017,1220,1216,1230,1208,11.55K,0.36%
4/11/2017,1236,1220,1243,1209,9.56K,1.25%
4/12/2017,1227,1237,1239,1221,12.01K,-0.66%
4/13/2017,1187,1227,1235,1164,19.14K,-3.29%
4/14/2017,1207,1187,1219,1184,12.32K,1.67%
4/15/2017,1193,1207,1215,1190,9.15K,-1.12%
4/16/2017,1212,1193,1218,1190,4.50K,1.57%
4/17/2017,1240,1213,1247,1202,15.15K,2.31%
4/18/2017,1265,1240,1275,1237,16.14K,2.05%
4/19/2017,1261,1265,1272,1255,7.58K,-0.39%
4/20/2017,1308,1261,1326,1260,15.62K,3.80%
4/21/2017,1326,1309,1333,1308,8.00K,1.31%
4/22/2017,1348,1327,1353,1290,12.37K,1.65%
4/23/2017,1355,1346,1359,1336,7.75K,0.57%
4/24/2017,1345,1355,1360,1327,7.91K,-0.75%
4/25/2017,1370,1345,1379,1342,8.27K,1.88%
4/26/2017,1399,1371,1412,1365,11.81K,2.12%
4/27/2017,1440,1399,1450,1393,10.40K,2.93%
4/28/2017,1416,1440,1447,1368,14.02K,-1.71%
4/29/2017,1424,1416,1437,1402,8.77K,0.57%
4/30/2017,1435,1425,1444,1403,8.52K,0.81%
5/1/2017,1533,1435,1560,1432,22.30K,6.82%
5/2/2017,1560,1533,1605,1479,16.73K,1.75%
5/3/2017,1618,1559,1627,1542,17.07K,3.71%
5/4/2017,1607,1619,1702,1521,31.49K,-0.66%
5/5/2017,1545,1607,1666,1512,32.64K,-3.86%
5/6/2017,1597,1545,1605,1545,14.02K,3.37%
5/7/2017,1620,1597,1631,1575,13.91K,1.43%
5/8/2017,1703,1620,1715,1619,19.91K,5.14%
5/9/2017,1760,1704,1814,1695,31.21K,3.33%
5/10/2017,1797,1760,1817,1722,18.62K,2.09%
5/11/2017,1854,1797,1908,1767,24.39K,3.18%
5/12/2017,1735,1854,1865,1701,21.40K,-6.41%
5/13/2017,1820,1735,1824,1666,16.60K,4.92%
5/14/2017,1828,1821,1852,1780,11.31K,0.42%
5/15/2017,1773,1827,1829,1720,15.76K,-3.04%
5/16/2017,1786,1772,1795,1728,9.86K,0.74%
5/17/2017,1870,1786,1893,1766,15.91K,4.72%
5/18/2017,1942,1870,1950,1861,12.91K,3.82%
5/19/2017,1967,1942,2000,1925,23.00K,1.29%
5/20/2017,2060,1967,2072,1964,21.69K,4.74%
5/21/2017,2029,2059,2099,2001,17.22K,-1.48%
5/22/2017,2086,2027,2220,1979,57.24K,2.77%
5/23/2017,2249,2088,2263,2060,22.49K,7.85%
5/24/2017,2395,2250,2444,2248,29.63K,6.47%
5/25/2017,2252,2393,2689,2142,55.10K,-5.96%
5/26/2017,2127,2268,2477,2009,39.76K,-5.54%
5/27/2017,1972,2126,2208,1810,47.12K,-7.29%
5/28/2017,2057,1980,2193,1956,25.78K,4.27%
5/29/2017,2207,2057,2250,1990,16.46K,7.33%
5/30/2017,2147,2207,2263,2080,21.45K,-2.75%
5/31/2017,2192,2147,2240,2002,21.24K,2.10%
6/1/2017,2312,2192,2367,2187,18.96K,5.46%
6/2/2017,2406,2312,2408,2272,12.55K,4.08%
6/3/2017,2461,2406,2481,2348,10.77K,2.29%
6/4/2017,2488,2462,2498,2376,11.88K,1.11%
6/5/2017,2636,2488,2638,2480,15.39K,5.95%
6/6/2017,2844,2637,2897,2620,42.68K,7.87%
6/7/2017,2643,2845,2850,2600,22.10K,-7.07%
6/8/2017,2782,2642,2789,2570,16.98K,5.28%
6/9/2017,2809,2782,2850,2770,9.52K,0.97%
6/10/2017,2806,2810,2891,2751,16.17K,-0.11%
6/11/2017,2936,2806,3000,2794,19.03K,4.64%
6/12/2017,2572,2942,2962,2298,48.34K,-12.41%
6/13/2017,2676,2570,2730,2533,23.18K,4.07%
6/14/2017,2395,2677,2720,2284,34.71K,-10.51%
6/15/2017,2377,2394,2455,2050,55.83K,-0.74%
6/16/2017,2437,2378,2480,2261,22.41K,2.51%
6/17/2017,2610,2436,2637,2369,16.64K,7.10%
6/18/2017,2492,2610,2635,2421,19.99K,-4.54%
6/19/2017,2581,2495,2593,2481,13.71K,3.58%
6/20/2017,2712,2585,2780,2568,20.56K,5.09%
6/21/2017,2621,2715,2760,2573,24.54K,-3.36%
6/22/2017,2673,2624,2709,2555,15.18K,1.97%
6/23/2017,2675,2673,2725,2653,8.14K,0.08%
6/24/2017,2503,2675,2700,2454,16.77K,-6.44%
6/25/2017,2478,2503,2595,2369,18.13K,-0.99%
6/26/2017,2395,2480,2510,2259,36.37K,-3.35%
6/27/2017,2521,2394,2524,2208,33.49K,5.29%
6/28/2017,2518,2521,2561,2403,21.83K,-0.12%
6/29/2017,2470,2518,2537,2424,12.96K,-1.91%
6/30/2017,2421,2472,2511,2407,10.40K,-2.00%
7/1/2017,2350,2421,2441,2291,15.08K,-2.94%
7/2/2017,2445,2346,2470,2302,12.03K,4.06%
7/3/2017,2524,2445,2584,2416,16.14K,3.23%
7/4/2017,2583,2526,2628,2512,15.75K,2.32%
7/5/2017,2599,2580,2618,2483,13.54K,0.62%
7/6/2017,2593,2599,2603,2546,9.83K,-0.21%
7/7/2017,2479,2593,2598,2447,17.68K,-4.39%
7/8/2017,2542,2479,2543,2437,9.69K,2.53%
7/9/2017,2478,2542,2556,2474,7.78K,-2.52%
7/10/2017,2318,2478,2498,2240,28.09K,-6.44%
7/11/2017,2282,2318,2373,2183,33.06K,-1.56%
7/12/2017,2374,2286,2394,2196,21.67K,4.04%
7/13/2017,2329,2376,2400,2294,18.42K,-1.91%
7/14/2017,2205,2329,2346,2138,27.74K,-5.32%
7/15/2017,1979,2207,2210,1976,41.76K,-10.27%
7/16/2017,1925,1980,2049,1836,53.02K,-2.71%
7/17/2017,2219,1925,2223,1924,40.48K,15.28%
7/18/2017,2302,2220,2380,2140,44.10K,3.74%
7/19/2017,2253,2302,2400,2214,35.81K,-2.13%
7/20/2017,2856,2253,2920,2253,83.44K,26.77%
7/21/2017,2664,2875,2875,2615,57.43K,-6.73%
7/22/2017,2846,2659,2913,2643,35.25K,6.82%
7/23/2017,2748,2846,2876,2656,35.18K,-3.45%
7/24/2017,2770,2750,2812,2707,20.71K,0.81%
7/25/2017,2561,2770,2790,2436,56.10K,-7.54%
7/26/2017,2526,2561,2612,2405,34.18K,-1.37%
7/27/2017,2665,2528,2682,2511,31.36K,5.51%
7/28/2017,2785,2665,2820,2656,40.54K,4.50%
7/29/2017,2714,2785,2794,2663,24.25K,-2.54%
7/30/2017,2749,2714,2756,2595,34.97K,1.29%
7/31/2017,2856,2749,2884,2695,27.56K,3.89%
8/1/2017,2731,2854,2902,2616,42.31K,-4.37%
8/2/2017,2702,2734,2758,2640,23.76K,-1.07%
8/3/2017,2790,2702,2813,2698,16.86K,3.27%
8/4/2017,2860,2790,2875,2763,18.99K,2.50%
8/5/2017,3256,2860,3332,2855,50.56K,13.86%
8/6/2017,3228,3255,3310,3156,16.95K,-0.88%
8/7/2017,3397,3233,3440,3190,24.54K,5.23%
8/8/2017,3415,3395,3483,3344,31.72K,0.54%
8/9/2017,3340,3415,3424,3237,26.25K,-2.20%
8/10/2017,3408,3340,3444,3310,19.13K,2.04%
8/11/2017,3644,3405,3691,3380,26.43K,6.93%
8/12/2017,3866,3643,3965,3590,37.66K,6.08%
8/13/2017,4053,3866,4184,3836,48.16K,4.86%
8/14/2017,4320,4062,4330,3969,34.22K,6.57%
8/15/2017,4152,4321,4430,3842,64.13K,-3.88%
8/16/2017,4386,4160,4404,3928,35.29K,5.65%
8/17/2017,4260,4386,4489,4178,40.30K,-2.88%
8/18/2017,4090,4270,4359,3957,46.80K,-3.99%
8/19/2017,4145,4088,4184,3920,41.77K,1.34%
8/20/2017,4064,4145,4192,4041,25.10K,-1.95%
8/21/2017,4003,4066,4094,3956,26.61K,-1.52%
8/22/2017,4074,3999,4140,3600,61.72K,1.79%
8/23/2017,4129,4087,4249,4056,27.49K,1.35%
8/24/2017,4325,4135,4371,4093,22.04K,4.75%
8/25/2017,4352,4324,4461,4277,27.76K,0.61%
8/26/2017,4342,4352,4364,4244,14.80K,-0.23%
8/27/2017,4332,4340,4406,4305,11.16K,-0.23%
8/28/2017,4384,4331,4395,4176,21.22K,1.20%
8/29/2017,4587,4385,4644,4337,32.70K,4.64%
8/30/2017,4569,4587,4641,4481,17.07K,-0.39%
8/31/2017,4718,4568,4750,4568,18.47K,3.27%
9/1/2017,4905,4718,4927,4661,28.71K,3.96%
9/2/2017,4534,4912,4969,4401,55.03K,-7.55%
9/3/2017,4595,4534,4700,4331,33.56K,1.34%
9/4/2017,4200,4599,4606,4057,59.08K,-8.59%
9/5/2017,4375,4211,4470,3900,57.73K,4.15%
9/6/2017,4589,4375,4631,4361,39.00K,4.90%
9/7/2017,4614,4595,4673,4465,23.13K,0.53%
9/8/2017,4306,4614,4686,4107,60.93K,-6.67%
9/9/2017,4318,4304,4381,4159,31.11K,0.28%
9/10/2017,4232,4315,4325,3976,45.87K,-1.99%
9/11/2017,4203,4235,4373,4123,30.90K,-0.69%
9/12/2017,4143,4199,4378,4056,40.04K,-1.43%
9/13/2017,3850,4149,4160,3734,71.51K,-7.08%
9/14/2017,3238,3850,3917,3206,127.51K,-15.89%
9/15/2017,3698,3237,3809,2981,183.11K,14.20%
9/16/2017,3685,3697,3874,3511,70.74K,-0.34%
9/17/2017,3666,3680,3776,3476,37.05K,-0.52%
9/18/2017,4084,3667,4114,3667,58.98K,11.40%
9/19/2017,3900,4084,4110,3836,47.77K,-4.51%
9/20/2017,3873,3892,4048,3834,33.21K,-0.69%
9/21/2017,3603,3876,3904,3564,56.98K,-6.97%
9/22/2017,3599,3597,3744,3494,49.24K,-0.14%
9/23/2017,3780,3599,3808,3559,25.64K,5.03%
9/24/2017,3653,3780,3781,3620,20.88K,-3.35%
9/25/2017,3930,3655,3977,3655,40.15K,7.59%
9/26/2017,3879,3930,3983,3851,21.41K,-1.30%
9/27/2017,4205,3882,4227,3878,48.62K,8.41%
9/28/2017,4190,4208,4269,4125,36.57K,-0.37%
9/29/2017,4170,4190,4245,4025,38.94K,-0.48%
9/30/2017,4367,4168,4393,4160,31.50K,4.73%
10/1/2017,4404,4367,4421,4258,29.23K,0.85%
10/2/2017,4400,4404,4482,4360,29.08K,-0.10%
10/3/2017,4311,4399,4440,4222,28.54K,-2.02%
10/4/2017,4215,4311,4354,4178,26.37K,-2.23%
10/5/2017,4315,4216,4365,4135,25.36K,2.38%
10/6/2017,4371,4313,4425,4294,25.94K,1.29%
10/7/2017,4436,4370,4477,4316,17.41K,1.49%
10/8/2017,4613,4436,4630,4418,29.86K,3.99%
10/9/2017,4782,4612,4875,4551,48.93K,3.67%
10/10/2017,4777,4782,4940,4718,42.68K,-0.11%
10/11/2017,4825,4778,4880,4715,28.92K,1.00%
10/12/2017,5429,4825,5438,4815,79.26K,12.51%
10/13/2017,5637,5440,5874,5376,99.15K,3.84%
10/14/2017,5835,5637,5854,5567,36.81K,3.52%
10/15/2017,5699,5839,5877,5450,57.34K,-2.34%
10/16/2017,5764,5712,5803,5570,31.41K,1.15%
10/17/2017,5597,5765,5779,5511,31.91K,-2.90%
10/18/2017,5565,5598,5598,5114,69.04K,-0.57%
10/19/2017,5694,5575,5741,5506,38.04K,2.32%
10/20/2017,5985,5694,6082,5606,61.78K,5.10%
10/21/2017,6005,5985,6190,5874,53.52K,0.34%
10/22/2017,5981,6005,6070,5718,50.58K,-0.41%
10/23/2017,5907,5981,6051,5640,67.06K,-1.23%
10/24/2017,5510,5903,5903,5458,64.03K,-6.73%
10/25/2017,5720,5510,5744,5368,44.80K,3.82%
10/26/2017,5890,5724,5967,5681,42.72K,2.97%
10/27/2017,5760,5890,6010,5681,39.71K,-2.21%
10/28/2017,5721,5760,5864,5635,26.66K,-0.68%
10/29/2017,6156,5718,6330,5663,61.92K,7.61%
10/30/2017,6125,6146,6237,6010,33.26K,-0.50%
10/31/2017,6458,6130,6472,6083,38.76K,5.44%
11/1/2017,6727,6450,6727,6348,57.13K,4.17%
11/2/2017,7020,6735,7315,6725,97.45K,4.35%
11/3/2017,7278,7019,7448,6927,64.15K,3.68%
11/4/2017,7369,7104,7521,6937,48.62K,1.24%
11/5/2017,7382,7371,7595,7272,46.29K,0.18%
11/6/2017,6955,7355,7430,6915,63.27K,-5.78%
11/7/2017,7103,6960,7214,6959,37.54K,2.13%
11/8/2017,7442,7102,7895,7030,97.30K,4.77%
11/9/2017,7126,7447,7447,7018,50.14K,-4.25%
11/10/2017,6542,7123,7313,6405,88.43K,-8.20%
11/11/2017,6301,6541,6788,6166,72.84K,-3.69%
11/12/2017,5822,6282,6465,5426,172.69K,-7.60%
11/13/2017,6475,5807,6680,5786,110.44K,11.21%
11/14/2017,6579,6477,6688,6315,49.52K,1.62%
11/15/2017,7278,6590,7310,6590,71.61K,10.63%
11/16/2017,7864,7274,8013,7100,85.88K,8.05%
11/17/2017,7678,7865,8030,7511,75.95K,-2.37%
11/18/2017,7773,7674,7867,7420,40.70K,1.24%
11/19/2017,8054,7771,8127,7652,39.13K,3.61%
11/20/2017,8245,8053,8310,7943,38.28K,2.37%
11/21/2017,8097,8245,8380,7790,71.85K,-1.79%
11/22/2017,8230,8097,8310,8064,28.86K,1.64%
11/23/2017,7977,8230,8268,7977,32.10K,-3.07%
11/24/2017,8192,7977,8351,7873,42.85K,2.69%
11/25/2017,8766,8192,8770,8133,44.25K,7.01%
11/26/2017,9316,8791,9495,8769,67.57K,6.27%
11/27/2017,9729,9304,9761,9269,66.66K,4.43%
11/28/2017,9898,9727,9978,9608,47.11K,1.74%
11/29/2017,9749,9892,11427,9001,182.74K,-1.50%
11/30/2017,9907,9772,10540,8821,129.07K,1.62%
12/1/2017,10869,9907,10949,9370,84.14K,9.71%
12/2/2017,10881,10852,11187,10627,49.71K,0.11%
12/3/2017,11157,10880,11842,10299,93.06K,2.54%
12/4/2017,11595,11162,11598,10788,63.74K,3.93%
12/5/2017,11595,11611,11949,11414,48.94K,0.00%
12/6/2017,13527,11590,13598,11590,83.59K,16.66%
12/7/2017,16601,13500,16639,13154,141.26K,22.72%
12/8/2017,15869,16608,17160,13774,124.11K,-4.41%
12/9/2017,14660,15829,16300,13021,77.82K,-7.62%
12/10/2017,14997,14660,15728,12748,107.05K,2.30%
12/11/2017,16754,14937,17443,14937,78.09K,11.72%
12/12/2017,16967,16754,17500,16234,52.09K,1.27%
12/13/2017,16181,17010,17288,15674,62.88K,-4.63%
12/14/2017,16383,16122,16999,15870,45.72K,1.25%
12/15/2017,17522,16396,18098,16352,63.11K,6.95%
12/16/2017,19187,17570,19548,17098,48.27K,9.50%
12/17/2017,18971,19210,19891,18622,51.80K,-1.13%
12/18/2017,18934,18959,19171,18010,53.58K,-0.20%
12/19/2017,17345,18931,18987,16500,66.65K,-8.39%
12/20/2017,16425,17340,17709,15500,82.16K,-5.30%
12/21/2017,15667,16433,17333,14827,65.58K,-4.62%
12/22/2017,13170,15650,15826,10718,179.00K,-15.94%
12/23/2017,14035,13173,14986,12755,59.92K,6.57%
12/24/2017,13476,14036,14047,11601,72.38K,-3.98%
12/25/2017,13623,13517,14278,12678,45.61K,1.09%
12/26/2017,15679,13627,16048,13550,63.44K,15.09%
12/27/2017,15374,15680,16494,14463,54.99K,-1.95%
12/28/2017,14315,15374,15467,13232,72.89K,-6.89%
12/29/2017,14317,14323,15105,13847,48.01K,0.01%
12/30/2017,12377,14308,14403,11690,75.43K,-13.55%
12/31/2017,13800,12385,14140,12184,43.29K,11.50%
1/1/2018,13354,13794,13893,12787,29.54K,-3.23%
1/2/2018,14710,13448,15300,12810,56.18K,10.15%
1/3/2018,15155,14713,15428,14522,38.35K,3.03%
1/4/2018,15160,15150,15390,14064,46.47K,0.03%
1/5/2018,16917,15159,17101,14769,54.63K,11.59%
1/6/2018,17161,16911,17252,16251,29.61K,1.44%
1/7/2018,16196,17163,17176,15726,30.84K,-5.62%
1/8/2018,14930,16216,16279,13760,64.95K,-7.82%
1/9/2018,14423,14902,15355,14122,43.44K,-3.40%
1/10/2018,14896,14426,14896,13338,57.33K,3.28%
1/11/2018,13266,14895,14950,12639,71.70K,-10.94%
1/12/2018,13783,13248,14095,12778,37.42K,3.90%
1/13/2018,14191,13794,14580,13760,29.01K,2.96%
1/14/2018,13558,14190,14391,12874,35.60K,-4.46%
1/15/2018,13575,13558,14350,13307,33.46K,0.13%
1/16/2018,11072,13594,13604,9949,131.86K,-18.44%
1/17/2018,11082,11059,11490,9231,132.23K,0.09%
1/18/2018,11045,11101,11881,10515,85.24K,-0.33%
1/19/2018,11476,11036,11879,10649,48.55K,3.90%
1/20/2018,12728,11462,13002,11425,46.30K,10.91%
1/21/2018,11514,12732,12732,11020,53.62K,-9.54%
1/22/2018,10771,11519,11886,10009,66.35K,-6.45%
1/23/2018,10819,10770,11383,9901,63.85K,0.45%
1/24/2018,11414,10811,11529,10454,43.82K,5.50%
1/25/2018,11146,11402,11723,10857,34.44K,-2.35%
1/26/2018,11070,11144,11647,10298,56.75K,-0.68%
1/27/2018,11461,11068,11683,10822,34.40K,3.53%
1/28/2018,11839,11455,12181,11398,29.62K,3.30%
1/29/2018,11212,11836,11957,11074,25.65K,-5.30%
1/30/2018,10175,11215,11250,9865,61.28K,-9.25%
1/31/2018,10284,10170,10411,9761,43.23K,1.07%
2/1/2018,9181,10278,10311,8941,78.78K,-10.72%
2/2/2018,8896,9181,9201,7972,123.34K,-3.11%
2/3/2018,9219,8887,9495,8190,51.91K,3.64%
2/4/2018,8200,9225,9403,7840,74.42K,-11.06%
2/5/2018,6950,8185,8378,6659,131.29K,-15.25%
2/6/2018,7674,6947,7860,6000,192.76K,10.42%
2/7/2018,7587,7679,8488,7175,106.70K,-1.13%
2/8/2018,8235,7585,8649,7580,77.62K,8.54%
2/9/2018,8683,8240,8748,7735,63.03K,5.44%
2/10/2018,8563,8678,9074,8152,68.15K,-1.38%
2/11/2018,8069,8563,8569,7851,52.21K,-5.77%
2/12/2018,8901,8070,9000,8070,51.40K,10.31%
2/13/2018,8516,8903,8953,8340,39.51K,-4.32%
2/14/2018,9455,8516,9488,8513,50.36K,11.03%
2/15/2018,9997,9454,10175,9339,67.53K,5.73%
2/16/2018,10162,9996,10270,9675,43.89K,1.65%
2/17/2018,11054,10161,11083,10050,52.80K,8.77%
2/18/2018,10372,11062,11250,10122,69.83K,-6.17%
2/19/2018,11173,10398,11250,10308,50.74K,7.72%
2/20/2018,11218,11172,11776,11101,60.92K,0.40%
2/21/2018,10455,11216,11239,10200,76.96K,-6.80%
2/22/2018,9830,10453,10912,9740,71.23K,-5.98%
2/23/2018,10145,9827,10395,9584,59.07K,3.20%
2/24/2018,9666,10144,10499,9350,55.70K,-4.72%
2/25/2018,9557,9666,9840,9284,30.52K,-1.13%
2/26/2018,10321,9583,10437,9360,45.94K,7.99%
2/27/2018,10569,10320,10880,10133,39.72K,2.40%
2/28/2018,10315,10583,11063,10270,43.89K,-2.40%
3/1/2018,10925,10316,11087,10224,33.87K,5.91%
3/2/2018,11025,10908,11189,10766,28.86K,0.92%
3/3/2018,11440,11024,11526,11024,30.65K,3.76%
3/4/2018,11501,11454,11544,11061,28.07K,0.53%
3/5/2018,11416,11497,11696,11390,27.56K,-0.74%
3/6/2018,10720,11403,11403,10578,44.24K,-6.10%
3/7/2018,9903,10779,10899,9422,75.22K,-7.62%
3/8/2018,9300,9911,10109,9037,67.75K,-6.09%
3/9/2018,9217,9302,9421,8351,98.20K,-0.89%
3/10/2018,8762,9216,9500,8691,52.54K,-4.94%
3/11/2018,9528,8764,9726,8429,70.48K,8.74%
3/12/2018,9121,9528,9895,8777,67.58K,-4.27%
3/13/2018,9135,9130,9479,8828,61.54K,0.15%
3/14/2018,8187,9135,9400,7924,78.81K,-10.38%
3/15/2018,8253,8181,8417,7666,82.58K,0.81%
3/16/2018,8251,8250,8603,7903,56.34K,-0.02%
3/17/2018,7851,8250,8350,7730,48.97K,-4.85%
3/18/2018,8200,7832,8286,7240,88.92K,4.45%
3/19/2018,8600,8209,8690,8100,73.28K,4.88%
3/20/2018,8900,8600,9025,8310,54.28K,3.48%
3/21/2018,8900,8900,9175,8756,42.86K,0.00%
3/22/2018,8706,8889,9088,8453,54.42K,-2.18%
3/23/2018,8908,8704,8910,8273,44.91K,2.32%
3/24/2018,8535,8911,9040,8463,44.21K,-4.19%
3/25/2018,8445,8525,8674,8373,30.69K,-1.05%
3/26/2018,8119,8445,8496,7839,56.38K,-3.86%
3/27/2018,7785,8128,8209,7727,50.41K,-4.12%
3/28/2018,7936,7785,8118,7725,35.08K,1.95%
3/29/2018,7094,7936,7964,6897,77.41K,-10.61%
3/30/2018,6840,7092,7267,6533,108.25K,-3.57%
3/31/2018,6925,6838,7222,6783,68.02K,1.24%
4/1/2018,6810,6925,7035,6432,54.90K,-1.66%
4/2/2018,7053,6813,7121,6770,44.01K,3.56%
4/3/2018,7406,7074,7510,7020,49.86K,5.00%
4/4/2018,6786,7403,7422,6670,53.72K,-8.37%
4/5/2018,6765,6786,6911,6572,45.85K,-0.31%
4/6/2018,6610,6767,6852,6501,42.14K,-2.29%
4/7/2018,6893,6610,7075,6600,40.61K,4.27%
4/8/2018,7024,6893,7115,6883,29.33K,1.90%
4/9/2018,6765,7024,7187,6611,75.96K,-3.69%
4/10/2018,6839,6771,6891,6650,26.15K,1.10%
4/11/2018,6943,6839,6976,6795,29.54K,1.52%
4/12/2018,7912,6944,8084,6761,94.57K,13.95%
4/13/2018,7886,7915,8230,7746,59.91K,-0.33%
4/14/2018,8003,7886,8182,7821,26.52K,1.48%
4/15/2018,8354,8003,8426,7997,31.90K,4.39%
4/16/2018,8056,8355,8415,7900,37.56K,-3.57%
4/17/2018,7890,8056,8169,7823,28.23K,-2.06%
4/18/2018,8166,7889,8229,7875,29.54K,3.50%
4/19/2018,8273,8166,8297,8100,29.21K,1.30%
4/20/2018,8866,8273,8938,8219,50.90K,7.17%
4/21/2018,8919,8865,9029,8619,39.56K,0.60%
4/22/2018,8800,8918,8980,8753,31.43K,-1.34%
4/23/2018,8940,8791,8940,8770,23.26K,1.59%
4/24/2018,9644,8940,9738,8930,60.35K,7.88%
4/25/2018,8878,9643,9762,8768,74.49K,-7.94%
4/26/2018,9279,8850,9308,8656,43.21K,4.52%
4/27/2018,8920,9270,9381,8903,30.15K,-3.87%
4/28/2018,9345,8911,9436,8845,45.08K,4.77%
4/29/2018,9399,9340,9564,9185,27.31K,0.57%
4/30/2018,9240,9400,9450,9111,23.26K,-1.69%
5/1/2018,9067,9241,9241,8829,25.59K,-1.87%
5/2/2018,9236,9069,9280,8980,20.18K,1.87%
5/3/2018,9762,9238,9838,9163,36.48K,5.69%
5/4/2018,9703,9759,9812,9557,24.54K,-0.61%
5/5/2018,9860,9703,9990,9686,29.51K,1.62%
5/6/2018,9659,9860,9964,9455,26.92K,-2.04%
5/7/2018,9370,9659,9676,9200,25.78K,-2.99%
5/8/2018,9185,9356,9470,9052,25.86K,-1.98%
5/9/2018,9318,9181,9371,8980,22.81K,1.45%
5/10/2018,9019,9320,9390,9003,23.62K,-3.21%
5/11/2018,8412,9015,9015,8342,54.49K,-6.72%
5/12/2018,8463,8420,8632,8205,36.66K,0.60%
5/13/2018,8684,8467,8753,8320,22.90K,2.61%
5/14/2018,8671,8684,8882,8280,37.15K,-0.15%
5/15/2018,8468,8669,8838,8421,26.21K,-2.34%
5/16/2018,8336,8467,8489,8104,32.76K,-1.55%
5/17/2018,8052,8350,8467,7987,25.19K,-3.41%
5/18/2018,8239,8055,8277,7928,23.44K,2.32%
5/19/2018,8232,8239,8400,8142,14.15K,-0.08%
5/20/2018,8524,8231,8580,8172,15.50K,3.54%
5/21/2018,8393,8524,8587,8318,17.22K,-1.53%
5/22/2018,7977,8400,8407,7947,20.53K,-4.96%
5/23/2018,7495,7978,8020,7442,41.68K,-6.05%
5/24/2018,7577,7503,7718,7261,38.86K,1.09%
5/25/2018,7458,7576,7654,7323,25.87K,-1.57%
5/26/2018,7330,7457,7622,7286,13.81K,-1.71%
5/27/2018,7340,7331,7412,7220,16.17K,0.13%
5/28/2018,7098,7340,7435,7062,26.68K,-3.29%
5/29/2018,7460,7104,7528,7049,27.90K,5.10%
5/30/2018,7375,7465,7558,7280,22.08K,-1.14%
5/31/2018,7486,7375,7600,7338,19.46K,1.50%
6/1/2018,7521,7486,7600,7345,19.04K,0.47%
6/2/2018,7638,7521,7691,7446,17.36K,1.56%
6/3/2018,7718,7639,7777,7600,13.80K,1.05%
6/4/2018,7488,7718,7762,7458,18.13K,-2.98%
6/5/2018,7622,7488,7669,7373,16.84K,1.78%
6/6/2018,7654,7622,7698,7495,18.27K,0.42%
6/7/2018,7689,7654,7756,7646,11.04K,0.46%
6/8/2018,7615,7686,7697,7544,12.20K,-0.96%
6/9/2018,7499,7615,7685,7468,7.22K,-1.53%
6/10/2018,6757,7498,7498,6634,57.82K,-9.89%
6/11/2018,6873,6757,6897,6631,22.38K,1.72%
6/12/2018,6544,6873,6873,6441,32.01K,-4.79%
6/13/2018,6295,6543,6612,6126,45.58K,-3.80%
6/14/2018,6634,6295,6703,6270,33.06K,5.38%
6/15/2018,6385,6638,6656,6360,21.29K,-3.75%
6/16/2018,6486,6386,6557,6330,13.70K,1.58%
6/17/2018,6436,6491,6573,6427,9.44K,-0.77%
6/18/2018,6709,6444,6827,6379,26.37K,4.25%
6/19/2018,6738,6712,6833,6666,17.38K,0.42%
6/20/2018,6760,6733,6818,6560,18.71K,0.34%
6/21/2018,6714,6760,6787,6680,10.65K,-0.69%
6/22/2018,6043,6715,6731,5929,55.25K,-9.99%
6/23/2018,6152,6041,6254,6014,20.70K,1.81%
6/24/2018,6148,6152,6250,5763,45.50K,-0.06%
6/25/2018,6247,6146,6334,6082,27.91K,1.60%
6/26/2018,6079,6251,6274,6050,18.83K,-2.69%
6/27/2018,6133,6074,6181,5989,18.27K,0.90%
6/28/2018,5850,6133,6168,5830,17.94K,-4.62%
6/29/2018,6208,5848,6273,5783,33.93K,6.12%
6/30/2018,6392,6208,6518,6196,23.86K,2.95%
7/1/2018,6350,6392,6435,6260,11.38K,-0.65%
7/2/2018,6581,6618,6672,6539,26.92K,3.65%
7/3/2018,6500,6618,6672,6471,17.26K,-1.24%
7/4/2018,6590,6509,6778,6419,22.49K,1.38%
7/5/2018,6540,6590,6698,6452,23.13K,-0.76%
7/6/2018,6602,6532,6637,6453,14.95K,0.95%
7/7/2018,6762,6602,6826,6512,15.29K,2.42%
7/8/2018,6707,6762,6791,6669,13.71K,-0.81%
7/9/2018,6667,6706,6820,6617,16.30K,-0.60%
7/10/2018,6302,6667,6680,6269,28.02K,-5.48%
7/11/2018,6378,6299,6403,6288,16.41K,1.21%
7/12/2018,6249,6378,6378,6081,24.98K,-2.02%
7/13/2018,6220,6241,6335,6133,20.09K,-0.46%
7/14/2018,6250,6220,6320,6179,8.90K,0.48%
7/15/2018,6347,6250,6389,6232,10.99K,1.55%
7/16/2018,6729,6348,6750,6329,31.00K,6.02%
7/17/2018,7320,6734,7463,6667,48.12K,8.78%
7/18/2018,7379,7320,7587,7250,39.62K,0.81%
7/19/2018,7474,7380,7560,7283,22.19K,1.28%
7/20/2018,7333,7474,7681,7278,32.74K,-1.88%
7/21/2018,7403,7333,7458,7221,11.41K,0.96%
7/22/2018,7401,7403,7573,7339,17.17K,-0.04%
7/23/2018,7720,7398,7801,7374,47.52K,4.31%
7/24/2018,8395,7720,8500,7692,64.68K,8.74%
7/25/2018,8176,8380,8486,8073,36.97K,-2.60%
7/26/2018,7939,8178,8313,7870,32.78K,-2.90%
7/27/2018,8186,7934,8280,7815,34.22K,3.11%
7/28/2018,8246,8188,8246,8074,13.66K,0.74%
7/29/2018,8221,8236,8294,8123,10.19K,-0.31%
7/30/2018,8180,8219,8274,7863,37.58K,-0.50%
7/31/2018,7731,8180,8180,7670,43.55K,-5.49%
8/1/2018,7609,7731,7756,7444,30.74K,-1.58%
8/2/2018,7535,7606,7707,7463,17.75K,-0.97%
8/3/2018,7420,7533,7533,7284,30.88K,-1.53%
8/4/2018,7013,7420,7490,6930,31.72K,-5.48%
8/5/2018,7026,7013,7090,6890,17.68K,0.18%
8/6/2018,6941,7026,7150,6847,18.12K,-1.20%
8/7/2018,6721,6940,7150,6679,32.25K,-3.18%
8/8/2018,6279,6719,6720,6131,53.88K,-6.57%
8/9/2018,6529,6281,6624,6188,33.38K,3.98%
8/10/2018,6147,6534,6574,6015,43.50K,-5.86%
8/11/2018,6233,6147,6486,6008,37.12K,1.40%
8/12/2018,6314,6235,6482,6163,23.05K,1.30%
8/13/2018,6252,6312,6542,6150,32.33K,-0.98%
8/14/2018,6189,6241,6244,5879,52.70K,-1.01%
8/15/2018,6270,6189,6624,6181,66.22K,1.31%
8/16/2018,6314,6270,6475,6215,25.14K,0.70%
8/17/2018,6583,6312,6589,6290,26.76K,4.27%
8/18/2018,6391,6586,6615,6302,19.73K,-2.92%
8/19/2018,6485,6395,6550,6309,15.35K,1.47%
8/20/2018,6256,6485,6521,6230,31.72K,-3.53%
8/21/2018,6479,6255,6500,6245,29.50K,3.57%
8/22/2018,6355,6479,6885,6253,58.96K,-1.92%
8/23/2018,6527,6364,6566,6350,19.94K,2.71%
8/24/2018,6696,6531,6728,6463,20.20K,2.58%
8/25/2018,6733,6693,6796,6670,16.88K,0.55%
8/26/2018,6708,6733,6784,6575,16.75K,-0.36%
8/27/2018,6910,6707,6912,6654,24.21K,3.00%
8/28/2018,7080,6911,7127,6872,30.07K,2.46%
8/29/2018,7046,7080,7134,6932,19.83K,-0.48%
8/30/2018,6995,7038,7060,6802,24.58K,-0.72%
8/31/2018,7026,6986,7084,6889,19.38K,0.45%
9/1/2018,7198,7023,7260,7021,21.39K,2.44%
9/2/2018,7290,7198,7367,7137,44.68K,1.29%
9/3/2018,7268,7305,7341,7200,22.31K,-0.31%
9/4/2018,7359,7268,7410,7246,20.82K,1.25%
9/5/2018,6711,7357,7400,6700,55.65K,-8.81%
9/6/2018,6516,6705,6721,6310,53.00K,-2.90%
9/7/2018,6404,6516,6533,6323,20.74K,-1.71%
9/8/2018,6185,6404,6475,6130,21.85K,-3.42%
9/9/2018,6240,6185,6428,6142,16.46K,0.89%
9/10/2018,6308,6240,6364,6233,14.45K,1.09%
9/11/2018,6291,6332,6397,6178,16.61K,-0.27%
9/12/2018,6332,6291,6355,6203,16.08K,0.65%
9/13/2018,6476,6334,6523,6334,19.24K,2.27%
9/14/2018,6485,6495,6593,6356,16.37K,0.15%
9/15/2018,6514,6480,6569,6474,8.35K,0.44%
9/16/2018,6499,6513,6518,6385,8.73K,-0.23%
9/17/2018,6254,6506,6533,6205,23.54K,-3.76%
9/18/2018,6343,6243,6384,6229,15.93K,1.42%
9/19/2018,6391,6331,6522,6113,29.90K,0.76%
9/20/2018,6501,6393,6535,6357,16.67K,1.71%
9/21/2018,6763,6522,6790,6496,36.99K,4.03%
9/22/2018,6723,6790,6840,6644,18.26K,-0.59%
9/23/2018,6710,6723,6783,6664,8.51K,-0.19%
9/24/2018,6585,6698,6722,6555,17.76K,-1.86%
9/25/2018,6435,6585,6585,6350,20.21K,-2.28%
9/26/2018,6462,6443,6553,6386,13.81K,0.43%
9/27/2018,6693,6462,6727,6441,18.37K,3.56%
9/28/2018,6635,6691,6825,6545,27.89K,-0.86%
9/29/2018,6605,6627,6631,6466,17.30K,-0.46%
9/30/2018,6618,6590,6657,6533,8.49K,0.20%
10/1/2018,6602,6626,6660,6521,10.36K,-0.24%
10/2/2018,6533,6602,6638,6514,12.03K,-1.04%
10/3/2018,6503,6528,6553,6428,14.57K,-0.46%
10/4/2018,6580,6508,6640,6499,11.79K,1.18%
10/5/2018,6645,6594,6667,6548,12.43K,0.98%
10/6/2018,6592,6640,6648,6565,5.80K,-0.79%
10/7/2018,6601,6595,6634,6533,5.80K,0.14%
10/8/2018,6673,6617,6718,6586,12.70K,1.09%
10/9/2018,6663,6680,6681,6609,8.02K,-0.15%
10/10/2018,6630,6660,6660,6530,13.82K,-0.49%
10/11/2018,6252,6628,6628,6224,41.61K,-5.70%
10/12/2018,6293,6249,6348,6223,10.40K,0.66%
10/13/2018,6327,6289,6331,6289,5.82K,0.53%
10/14/2018,6335,6326,6399,6319,11.23K,0.14%
10/15/2018,6742,6323,7704,6300,85.00K,6.42%
10/16/2018,6754,6739,6892,6679,15.66K,0.18%
10/17/2018,6737,6754,6793,6681,8.88K,-0.25%
10/18/2018,6613,6736,6778,6568,12.53K,-1.84%
10/19/2018,6527,6610,6630,6520,11.20K,-1.30%
10/20/2018,6587,6517,6610,6511,4.61K,0.91%
10/21/2018,6592,6583,6655,6583,4.42K,0.07%
10/22/2018,6567,6587,6628,6549,6.05K,-0.37%
10/23/2018,6550,6567,6584,6525,8.86K,-0.26%
10/24/2018,6554,6550,6623,6543,8.49K,0.06%
10/25/2018,6528,6554,6566,6500,8.71K,-0.40%
10/26/2018,6532,6533,6588,6514,7.45K,0.05%
10/27/2018,6500,6535,6554,6480,6.97K,-0.48%
10/28/2018,6490,6498,6510,6456,6.84K,-0.16%
10/29/2018,6344,6490,6505,6321,19.56K,-2.25%
10/30/2018,6330,6347,6380,6313,10.73K,-0.22%
10/31/2018,6368,6330,6406,6248,9.96K,0.60%
11/1/2018,6400,6375,6423,6354,9.12K,0.49%
11/2/2018,6427,6407,6455,6392,8.07K,0.43%
11/3/2018,6388,6432,6432,6335,11.37K,-0.61%
11/4/2018,6485,6389,6509,6360,8.96K,1.52%
11/5/2018,6470,6495,6495,6439,4.81K,-0.23%
11/6/2018,6515,6475,6515,6448,7.25K,0.70%
11/7/2018,6573,6519,6607,6512,10.72K,0.88%
11/8/2018,6480,6573,6585,6477,11.58K,-1.42%
11/9/2018,6420,6480,6503,6393,10.45K,-0.92%
11/10/2018,6431,6415,6462,6415,3.25K,0.17%
11/11/2018,6450,6431,6460,6364,7.34K,0.29%
11/12/2018,6447,6481,6481,6419,7.30K,-0.05%
11/13/2018,6464,6447,6498,6404,10.12K,0.27%
11/14/2018,5885,6459,6485,5705,69.20K,-8.97%
11/15/2018,5753,5922,5929,5442,49.91K,-2.23%
11/16/2018,5661,5732,5757,5555,18.43K,-1.61%
11/17/2018,5627,5656,5659,5574,7.98K,-0.60%
11/18/2018,5659,5637,5716,5621,9.55K,0.58%
11/19/2018,4938,5650,5650,4891,74.15K,-12.75%
11/20/2018,4600,4945,5048,4318,117.22K,-6.84%
11/21/2018,4667,4573,4773,4430,44.38K,1.45%
11/22/2018,4392,4672,4717,4389,27.95K,-5.88%
11/23/2018,4423,4371,4482,4251,36.09K,0.69%
11/24/2018,3930,4423,4515,3835,50.98K,-11.14%
11/25/2018,4088,3935,4211,3663,82.18K,4.02%
11/26/2018,3858,4111,4196,3708,64.08K,-5.62%
11/27/2018,3884,3850,3942,3713,46.27K,0.68%
11/28/2018,4306,3902,4440,3890,65.26K,10.86%
11/29/2018,4313,4331,4472,4181,41.10K,0.15%
11/30/2018,4038,4323,4357,3966,42.38K,-6.37%
12/1/2018,4243,4044,4339,3979,27.50K,5.07%
12/2/2018,4160,4241,4353,4127,24.40K,-1.96%
12/3/2018,3901,4173,4179,3836,36.86K,-6.21%
12/4/2018,3982,3904,4131,3793,33.69K,2.07%
12/5/2018,3765,3982,4000,3751,28.43K,-5.44%
12/6/2018,3531,3771,3908,3506,58.22K,-6.21%
12/7/2018,3460,3529,3625,3278,74.08K,-2.02%
12/8/2018,3506,3460,3785,3316,39.08K,1.33%
12/9/2018,3640,3506,3767,3470,25.08K,3.81%
12/10/2018,3525,3642,3698,3476,22.60K,-3.15%
12/11/2018,3435,3524,3550,3384,24.05K,-2.54%
12/12/2018,3536,3435,3611,3415,20.93K,2.92%
12/13/2018,3354,3536,3539,3322,22.24K,-5.13%
12/14/2018,3283,3354,3391,3226,28.56K,-2.13%
12/15/2018,3285,3282,3324,3216,17.89K,0.07%
12/16/2018,3300,3282,3380,3278,19.10K,0.45%
12/17/2018,3625,3300,3712,3286,35.72K,9.85%
12/18/2018,3780,3625,3781,3551,29.43K,4.28%
12/19/2018,3810,3780,4041,3758,55.26K,0.79%
12/20/2018,4215,3810,4276,3789,65.87K,10.62%
12/21/2018,3976,4215,4283,3913,43.52K,-5.66%
12/22/2018,4135,3976,4147,3920,19.51K,4.00%
12/23/2018,4076,4135,4210,4037,24.47K,-1.43%
12/24/2018,4145,4072,4384,4069,38.00K,1.71%
12/25/2018,3910,4141,4152,3816,33.73K,-5.68%
12/26/2018,3930,3910,3990,3812,19.13K,0.51%
12/27/2018,3715,3930,3955,3688,23.61K,-5.47%
12/28/2018,4037,3712,4095,3696,26.92K,8.67%
12/29/2018,3887,4034,4100,3865,18.70K,-3.71%
12/30/2018,3978,3894,4003,3845,17.73K,2.35%
12/31/2018,3831,3977,3987,3780,15.79K,-3.72%
1/1/2019,3963,3833,3982,3788,13.85K,3.46%
1/2/2019,4049,3963,4082,3920,19.43K,2.16%
1/3/2019,3923,4050,4055,3882,10.92K,-3.09%
1/4/2019,3955,3923,3986,3853,13.23K,0.81%
1/5/2019,3911,3955,4015,3901,14.87K,-1.11%
1/6/2019,4172,3911,4215,3893,25.17K,6.66%
1/7/2019,4114,4171,4197,4079,11.32K,-1.38%
1/8/2019,4100,4114,4210,4056,18.72K,-0.34%
1/9/2019,4083,4100,4166,4036,20.63K,-0.41%
1/10/2019,3713,4083,4136,3687,35.02K,-9.07%
1/11/2019,3716,3713,3777,3667,13.13K,0.09%
1/12/2019,3702,3713,3734,3674,9.29K,-0.38%
1/13/2019,3591,3702,3713,3570,12.59K,-3.00%
1/14/2019,3749,3591,3799,3582,14.84K,4.41%
1/15/2019,3657,3749,3770,3625,13.32K,-2.48%
1/16/2019,3671,3657,3750,3643,13.23K,0.40%
1/17/2019,3723,3671,3725,3610,10.86K,1.41%
1/18/2019,3676,3723,3724,3652,5.65K,-1.27%
1/19/2019,3760,3674,3859,3674,13.39K,2.29%
1/20/2019,3586,3762,3796,3548,20.62K,-4.62%
1/21/2019,3579,3589,3615,3550,10.81K,-0.19%
1/22/2019,3639,3579,3676,3488,18.08K,1.67%
1/23/2019,3620,3639,3677,3591,7.97K,-0.53%
1/24/2019,3653,3622,3670,3590,7.87K,0.90%
1/25/2019,3629,3653,3663,3582,7.38K,-0.65%
1/26/2019,3631,3629,3746,3625,13.00K,0.05%
1/27/2019,3597,3631,3643,3544,11.45K,-0.93%
1/28/2019,3502,3597,3598,3450,17.02K,-2.65%
1/29/2019,3478,3501,3513,3427,10.47K,-0.68%
1/30/2019,3530,3478,3548,3452,12.58K,1.49%
1/31/2019,3501,3530,3566,3482,8.57K,-0.81%
2/1/2019,3536,3503,3557,3465,10.04K,1.00%
2/2/2019,3564,3535,3575,3501,10.89K,0.79%
2/3/2019,3502,3565,3567,3470,7.86K,-1.76%
2/4/2019,3491,3504,3523,3475,5.21K,-0.32%
2/5/2019,3513,3490,3517,3476,4.59K,0.63%
2/6/2019,3452,3513,3521,3418,13.16K,-1.73%
2/7/2019,3436,3452,3462,3429,4.80K,-0.46%
2/8/2019,3724,3439,3800,3428,31.15K,8.38%
2/9/2019,3718,3724,3739,3689,6.74K,-0.15%
2/10/2019,3746,3718,3754,3667,9.97K,0.75%
2/11/2019,3681,3750,3750,3672,7.80K,-1.74%
2/12/2019,3694,3681,3728,3645,11.34K,0.36%
2/13/2019,3666,3694,3735,3650,11.76K,-0.76%
2/14/2019,3657,3666,3681,3641,7.53K,-0.26%
2/15/2019,3670,3657,3716,3645,7.81K,0.36%
2/16/2019,3676,3670,3725,3666,7.52K,0.18%
2/17/2019,3735,3677,3789,3669,14.07K,1.58%
2/18/2019,3978,3735,4020,3724,37.62K,6.52%
2/19/2019,3990,3978,4081,3943,24.30K,0.30%
2/20/2019,4055,3990,4070,3969,15.25K,1.63%
2/21/2019,4009,4054,4122,3975,15.48K,-1.14%
2/22/2019,4058,4009,4074,3991,14.21K,1.23%
2/23/2019,4212,4058,4255,4015,21.53K,3.78%
2/24/2019,3832,4212,4282,3812,36.09K,-9.02%
2/25/2019,3922,3825,3965,3825,10.41K,2.34%
2/26/2019,3897,3919,3934,3870,5.11K,-0.64%
2/27/2019,3903,3897,3934,3767,12.03K,0.15%
2/28/2019,3894,3900,3988,3875,12.10K,-0.22%
3/1/2019,3914,3894,3949,3893,4.76K,0.51%
3/2/2019,3913,3915,3924,3850,5.11K,-0.03%
3/3/2019,3885,3913,3923,3857,2.88K,-0.72%
3/4/2019,3800,3885,3908,3767,10.18K,-2.18%
3/5/2019,3952,3800,3967,3786,10.80K,3.99%
3/6/2019,3951,3952,3984,3912,6.59K,-0.01%
3/7/2019,3965,3952,3990,3936,7.64K,0.34%
3/8/2019,3941,3965,4021,3864,9.36K,-0.61%
3/9/2019,4017,3941,4046,3934,7.38K,1.95%
3/10/2019,4000,4017,4017,3962,4.67K,-0.43%
3/11/2019,3949,4000,4009,3921,6.61K,-1.28%
3/12/2019,3954,3951,3980,3895,7.63K,0.13%
3/13/2019,3948,3955,3972,3925,5.51K,-0.16%
3/14/2019,3948,3946,4000,3883,8.30K,0.01%
3/15/2019,4003,3948,4011,3948,6.72K,1.39%
3/16/2019,4088,4003,4153,4003,13.94K,2.12%
3/17/2019,4069,4088,4088,4041,3.38K,-0.47%
3/18/2019,4074,4069,4120,4036,3.68K,0.11%
3/19/2019,4105,4074,4118,4057,5.55K,0.77%
3/20/2019,4127,4105,4136,4074,7.82K,0.55%
3/21/2019,4045,4127,4139,4005,11.82K,-2.00%
3/22/2019,4045,4045,4065,4035,4.84K,0.01%
3/23/2019,4063,4045,4076,4039,4.37K,0.44%
3/24/2019,4041,4063,4063,4012,3.36K,-0.54%
3/25/2019,3970,4041,4050,3939,6.70K,-1.77%
3/26/2019,3992,3970,3995,3951,5.09K,0.55%
3/27/2019,4103,3993,4110,3980,7.93K,2.78%
3/28/2019,4093,4103,4104,4066,6.22K,-0.24%
3/29/2019,4179,4093,4188,4085,8.65K,2.11%
3/30/2019,4165,4179,4210,4117,6.63K,-0.33%
3/31/2019,4168,4165,4181,4153,2.27K,0.06%
4/1/2019,4197,4168,4221,4127,7.01K,0.70%
4/2/2019,4927,4197,5079,4190,54.14K,17.40%
4/3/2019,4978,4929,5330,4849,44.28K,1.03%
4/4/2019,4939,4977,5100,4834,15.42K,-0.79%
4/5/2019,5080,4939,5130,4930,11.36K,2.87%
4/6/2019,5091,5080,5280,4968,14.20K,0.20%
4/7/2019,5238,5091,5313,5075,9.95K,2.90%
4/8/2019,5313,5239,5362,5149,17.82K,1.42%
4/9/2019,5216,5312,5313,5174,11.90K,-1.81%
4/10/2019,5312,5213,5487,5201,15.78K,1.83%
4/11/2019,5066,5316,5340,5001,19.39K,-4.63%
4/12/2019,5114,5059,5135,4935,9.22K,0.95%
4/13/2019,5102,5114,5161,5075,5.21K,-0.24%
4/14/2019,5194,5104,5209,5064,4.15K,1.81%
4/15/2019,5049,5190,5217,5001,9.52K,-2.79%
4/16/2019,5234,5043,5256,5030,8.38K,3.67%
4/17/2019,5255,5234,5291,5225,9.28K,0.39%
4/18/2019,5311,5255,5339,5254,9.04K,1.07%
4/19/2019,5314,5311,5371,5225,6.31K,0.06%
4/20/2019,5340,5314,5376,5289,6.48K,0.49%
4/21/2019,5322,5340,5366,5259,6.15K,-0.34%
4/22/2019,5418,5320,5448,5277,11.95K,1.80%
4/23/2019,5551,5418,5645,5395,18.76K,2.46%
4/24/2019,5480,5547,5647,5415,16.53K,-1.27%
4/25/2019,5219,5480,5557,5065,21.49K,-4.77%
4/26/2019,5411,5216,5517,5174,21.53K,3.68%
4/27/2019,5402,5411,5457,5355,4.57K,-0.17%
4/28/2019,5487,5401,5542,5401,7.76K,1.57%
4/29/2019,5480,5487,5515,5370,7.81K,-0.12%
4/30/2019,5600,5480,5612,5455,7.44K,2.18%
5/1/2019,5630,5600,5655,5586,5.53K,0.54%
5/2/2019,5724,5630,5780,5618,11.06K,1.67%
5/3/2019,6016,5730,6140,5717,19.48K,5.11%
5/4/2019,6098,6020,6149,5868,9.44K,1.37%
5/5/2019,6042,6098,6112,5956,5.82K,-0.92%
5/6/2019,6028,6042,6100,5907,6.48K,-0.23%
5/7/2019,6088,6028,6290,6028,11.99K,1.00%
5/8/2019,6201,6097,6220,6024,8.20K,1.86%
5/9/2019,6258,6202,6309,6165,9.68K,0.93%
5/10/2019,6439,6262,6522,6213,14.49K,2.88%
5/11/2019,7136,6439,7278,6439,37.91K,10.84%
5/12/2019,6980,7125,7448,6860,31.96K,-2.19%
5/13/2019,7753,6980,8050,6884,36.47K,11.08%
5/14/2019,7958,7753,8194,7684,29.32K,2.65%
5/15/2019,8133,7952,8209,7838,19.04K,2.19%
5/16/2019,7857,8136,8308,7750,22.29K,-3.39%
5/17/2019,7415,7858,7906,7067,29.02K,-5.62%
5/18/2019,7260,7418,7509,7211,9.32K,-2.10%
5/19/2019,8190,7260,8263,7252,23.46K,12.80%
5/20/2019,7985,8188,8188,7601,16.90K,-2.50%
5/21/2019,7937,7991,8090,7820,7.69K,-0.60%
5/22/2019,7621,7934,8030,7508,10.78K,-3.98%
5/23/2019,7872,7620,7957,7496,10.55K,3.30%
5/24/2019,7995,7872,8159,7802,10.92K,1.56%
5/25/2019,8055,7990,8135,7950,4.34K,0.75%
5/26/2019,8730,8055,8820,7880,20.14K,8.38%
5/27/2019,8806,8730,8951,8661,17.56K,0.87%
5/28/2019,8741,8806,8844,8558,11.14K,-0.74%
5/29/2019,8681,8738,8795,8490,10.30K,-0.69%
5/30/2019,8270,8681,9100,8020,20.29K,-4.73%
5/31/2019,8533,8269,8550,8112,10.93K,3.18%
6/1/2019,8547,8532,8625,8452,5.46K,0.16%
6/2/2019,8740,8547,8818,8540,6.24K,2.26%
6/3/2019,8103,8740,8740,8050,18.66K,-7.28%
6/4/2019,7693,8088,8088,7525,28.12K,-5.07%
6/5/2019,7789,7693,7931,7603,10.83K,1.25%
6/6/2019,7806,7766,7871,7461,7.51K,0.21%
6/7/2019,7992,7817,8124,7769,13.44K,2.38%
6/8/2019,7925,8002,8065,7802,4.77K,-0.84%
6/9/2019,7639,7924,7961,7503,6.83K,-3.60%
6/10/2019,8014,7623,8046,7523,8.90K,4.90%
6/11/2019,7904,8019,8049,7711,6.53K,-1.37%
6/12/2019,8175,7903,8239,7822,9.14K,3.43%
6/13/2019,8227,8178,8333,8039,8.89K,0.64%
6/14/2019,8689,8230,8715,8163,12.71K,5.61%
6/15/2019,8856,8689,8904,8611,9.40K,1.92%
6/16/2019,8986,8853,9390,8803,20.91K,1.47%
6/17/2019,9356,8986,9490,8986,14.17K,4.12%
6/18/2019,9096,9351,9371,8945,10.59K,-2.78%
6/19/2019,9306,9095,9340,9062,5.77K,2.31%
6/20/2019,9557,9306,9621,9241,10.59K,2.70%
6/21/2019,10236,9558,10249,9558,22.23K,7.10%
6/22/2019,10748,10227,11210,10098,36.68K,5.00%
6/23/2019,10916,10745,11368,10576,18.59K,1.56%
6/24/2019,11053,10913,11135,10560,14.40K,1.26%
6/25/2019,11751,11070,11780,10992,21.85K,6.32%
6/26/2019,12876,11746,13764,11693,55.59K,9.57%
6/27/2019,11200,12876,13222,10397,47.61K,-13.02%
6/28/2019,12349,11183,12404,10812,31.98K,10.26%
6/29/2019,11921,12351,12351,11375,20.39K,-3.47%
6/30/2019,10745,11973,12229,10705,19.07K,-9.86%
7/1/2019,10639,10777,11221,10099,24.90K,-0.99%
7/2/2019,10866,10640,10961,9745,28.78K,2.13%
7/3/2019,11984,10903,12004,10903,28.09K,10.29%
7/4/2019,11169,12000,12064,11057,19.84K,-6.80%
7/5/2019,10998,11141,11440,10802,16.37K,-1.53%
7/6/2019,11283,10983,11720,10983,12.21K,2.59%
7/7/2019,11486,11276,11618,11122,8.42K,1.80%
7/8/2019,12301,11484,12382,11339,17.84K,7.10%
7/9/2019,12553,12302,12811,12173,19.16K,2.05%
7/10/2019,12093,12564,13173,11572,36.06K,-3.66%
7/11/2019,11340,12092,12092,11006,21.60K,-6.23%
7/12/2019,11765,11327,11900,11100,12.25K,3.75%
7/13/2019,11312,11779,11803,10806,14.72K,-3.85%
7/14/2019,10207,11324,11390,10125,22.49K,-9.77%
7/15/2019,10820,10193,11043,9921,21.44K,6.01%
7/16/2019,9410,10813,10991,9378,26.18K,-13.03%
7/17/2019,9683,9418,9963,9090,23.12K,2.90%
7/18/2019,10622,9691,10750,9272,28.83K,9.70%
7/19/2019,10519,10624,10759,10133,13.16K,-0.97%
7/20/2019,10740,10518,11085,10402,12.13K,2.10%
7/21/2019,10569,10741,10811,10300,8.25K,-1.59%
7/22/2019,10329,10572,10667,10094,10.90K,-2.27%
7/23/2019,9855,10330,10330,9825,9.77K,-4.59%
7/24/2019,9771,9859,9918,9542,11.57K,-0.85%
7/25/2019,9890,9772,10180,9735,9.22K,1.22%
7/26/2019,9843,9888,9899,9672,5.12K,-0.48%
7/27/2019,9466,9840,10189,9300,11.77K,-3.83%
7/28/2019,9519,9463,9604,9112,7.75K,0.56%
7/29/2019,9507,9530,9690,9397,5.70K,-0.13%
7/30/2019,9589,9504,9736,9402,5.19K,0.86%
7/31/2019,10088,9589,10099,9576,7.94K,5.20%
8/1/2019,10399,10096,10500,9900,7.78K,3.08%
8/2/2019,10519,10400,10648,10345,8.44K,1.15%
8/3/2019,10822,10520,10910,10506,7.42K,2.88%
8/4/2019,10973,10822,11060,10595,9.28K,1.40%
8/5/2019,11808,10974,11938,10973,16.13K,7.61%
8/6/2019,11471,11824,12307,11268,19.34K,-2.85%
8/7/2019,11997,11472,12122,11386,13.66K,4.58%
8/8/2019,12060,11999,12126,11570,10.97K,0.53%
8/9/2019,11893,12051,12093,11711,7.81K,-1.38%
8/10/2019,11314,11892,12003,11263,9.02K,-4.87%
8/11/2019,11586,11308,11594,11158,5.44K,2.40%
8/12/2019,11404,11577,11579,11272,3.20K,-1.57%
8/13/2019,10904,11411,11468,10801,9.00K,-4.38%
8/14/2019,10067,10904,10909,9980,14.51K,-7.68%
8/15/2019,10327,10067,10470,9523,17.37K,2.58%
8/16/2019,10366,10324,10568,9783,12.89K,0.38%
8/17/2019,10228,10372,10487,10004,4.89K,-1.33%
8/18/2019,10327,10230,10529,10086,3.90K,0.97%
8/19/2019,10937,10329,10960,10280,7.38K,5.91%
8/20/2019,10793,10947,10986,10588,5.83K,-1.32%
8/21/2019,10146,10795,10825,9880,11.79K,-5.99%
8/22/2019,10117,10147,10247,9790,6.53K,-0.29%
8/23/2019,10408,10117,10461,10063,6.39K,2.88%
8/24/2019,10152,10414,10427,9900,5.41K,-2.46%
8/25/2019,10132,10162,10349,9881,5.21K,-0.20%
8/26/2019,10377,10144,10654,10144,8.98K,2.42%
8/27/2019,10184,10376,10392,10037,4.52K,-1.86%
8/28/2019,9727,10190,10303,9585,10.41K,-4.48%
8/29/2019,9509,9727,9727,9360,7.08K,-2.25%
8/30/2019,9601,9509,9710,9384,3.75K,0.97%
8/31/2019,9624,9601,9710,9472,2.75K,0.24%
9/1/2019,9779,9624,9858,9560,2.87K,1.61%
9/2/2019,10388,9783,10473,9755,11.14K,6.23%
9/3/2019,10641,10401,10766,10300,10.74K,2.44%
9/4/2019,10590,10642,10841,10411,6.25K,-0.48%
9/5/2019,10579,10593,10663,10483,3.01K,-0.11%
9/6/2019,10317,10583,10933,10218,11.28K,-2.47%
9/7/2019,10488,10305,10581,10305,3.38K,1.66%
9/8/2019,10415,10489,10599,10257,3.51K,-0.70%
9/9/2019,10318,10417,10542,10119,5.20K,-0.93%
9/10/2019,10122,10317,10399,9962,4.21K,-1.90%
9/11/2019,10175,10121,10297,9867,4.35K,0.52%
9/12/2019,10452,10174,10488,10065,4.40K,2.72%
9/13/2019,10374,10452,10475,10170,4.50K,-0.75%
9/14/2019,10379,10374,10478,10256,3.16K,0.05%
9/15/2019,10322,10381,10402,10287,1.88K,-0.55%
9/16/2019,10295,10321,10399,10100,5.52K,-0.26%
9/17/2019,10214,10290,10308,10171,2.94K,-0.79%
9/18/2019,10185,10214,10278,10111,3.34K,-0.28%
9/19/2019,10301,10185,10417,9655,9.77K,1.14%
9/20/2019,10198,10303,10340,10105,2.51K,-1.00%
9/21/2019,10013,10197,10199,9958,2.98K,-1.81%
9/22/2019,10052,10012,10105,9881,2.75K,0.39%
9/23/2019,9703,10055,10077,9628,5.49K,-3.48%
9/24/2019,8548,9703,9788,8110,34.87K,-11.90%
9/25/2019,8475,8535,8770,8266,12.77K,-0.86%
9/26/2019,8104,8475,8490,7800,15.42K,-4.38%
9/27/2019,8213,8106,8297,7906,7.47K,1.35%
9/28/2019,8239,8215,8355,8048,5.45K,0.31%
9/29/2019,8090,8238,8260,7931,6.14K,-1.80%
9/30/2019,8331,8090,8384,7753,10.92K,2.98%
10/1/2019,8335,8331,8539,8228,5.84K,0.05%
10/2/2019,8413,8334,8420,8194,3.45K,0.94%
10/3/2019,8258,8415,8440,8101,3.72K,-1.85%
10/4/2019,8170,8261,8265,8040,3.05K,-1.06%
10/5/2019,8163,8170,8211,8040,3.33K,-0.09%
10/6/2019,7883,8163,8183,7807,5.85K,-3.42%
10/7/2019,8227,7886,8342,7795,8.15K,4.36%
10/8/2019,8211,8235,8362,8133,3.47K,-0.19%
10/9/2019,8608,8205,8718,8147,8.39K,4.83%
10/10/2019,8596,8610,8683,8472,4.32K,-0.13%
10/11/2019,8280,8596,8815,8253,6.08K,-3.68%
10/12/2019,8318,8278,8421,8273,1.71K,0.46%
10/13/2019,8306,8320,8477,8179,4.04K,-0.15%
10/14/2019,8370,8305,8424,8230,2.54K,0.77%
10/15/2019,8191,8370,8434,8124,3.28K,-2.14%
10/16/2019,8016,8191,8203,7960,7.08K,-2.14%
10/17/2019,8092,8016,8145,7949,2.81K,0.95%
10/18/2019,7987,8092,8135,7860,5.30K,-1.30%
10/19/2019,7993,7987,8117,7927,3.51K,0.07%
10/20/2019,8261,7993,8336,7922,4.87K,3.35%
10/21/2019,8244,8261,8371,8182,3.41K,-0.20%
10/22/2019,8059,8242,8332,8037,3.85K,-2.24%
10/23/2019,7494,8054,8075,7342,12.98K,-7.01%
10/24/2019,7453,7494,7529,7372,5.80K,-0.54%
10/25/2019,8679,7453,8800,7426,17.10K,16.45%
10/26/2019,9271,8679,10464,8663,32.06K,6.82%
10/27/2019,9572,9271,9816,9122,11.11K,3.25%
10/28/2019,9226,9574,9948,9217,8.99K,-3.62%
10/29/2019,9446,9229,9558,9101,6.73K,2.38%
10/30/2019,9184,9446,9447,9035,5.05K,-2.77%
10/31/2019,9186,9184,9461,8985,5.67K,0.01%
11/1/2019,9289,9186,9332,9087,4.09K,1.13%
11/2/2019,9332,9288,9429,9252,3.66K,0.46%
11/3/2019,9222,9332,9401,9100,3.62K,-1.18%
11/4/2019,9441,9223,9622,9152,7.47K,2.37%
11/5/2019,9334,9440,9504,9200,3.41K,-1.14%
11/6/2019,9353,9334,9475,9278,3.47K,0.20%
11/7/2019,9208,9355,9387,9087,3.75K,-1.55%
11/8/2019,8782,9209,9252,8688,7.86K,-4.62%
11/9/2019,8828,8782,8891,8736,1.96K,0.52%
11/10/2019,9068,8827,9157,8764,4.64K,2.72%
11/11/2019,8738,9070,9107,8633,4.24K,-3.65%
11/12/2019,8830,8738,8892,8602,3.50K,1.06%
11/13/2019,8801,8830,8849,8730,1.34K,-0.33%
11/14/2019,8656,8801,8817,8601,3.30K,-1.65%
11/15/2019,8496,8656,8798,8420,5.18K,-1.85%
11/16/2019,8524,8495,8553,8443,1.53K,0.33%
11/17/2019,8537,8523,8663,8422,2.84K,0.16%
11/18/2019,8220,8537,8537,8119,6.36K,-3.72%
11/19/2019,8165,8220,8242,8055,3.70K,-0.66%
11/20/2019,8126,8165,8255,8081,2.06K,-0.47%
11/21/2019,7671,8126,8156,7510,9.89K,-5.60%
11/22/2019,7323,7673,7763,6820,19.37K,-4.54%
11/23/2019,7353,7319,7385,7141,4.63K,0.40%
11/24/2019,6965,7353,7372,6922,8.58K,-5.27%
11/25/2019,7168,6965,7414,6619,18.52K,2.91%
11/26/2019,7198,7163,7385,7061,5.20K,0.42%
11/27/2019,7549,7198,7689,6880,13.90K,4.88%
11/28/2019,7461,7547,7683,7415,4.34K,-1.17%
11/29/2019,7797,7461,7916,7450,7.28K,4.50%
11/30/2019,7600,7797,7850,7495,4.97K,-2.52%
12/1/2019,7450,7600,7600,7289,6.33K,-1.97%
12/2/2019,7350,7450,7467,7209,4.63K,-1.34%
12/3/2019,7336,7350,7454,7288,2.30K,-0.19%
12/4/2019,7238,7337,7888,7134,11.72K,-1.33%
12/5/2019,7440,7239,7523,7194,4.79K,2.79%
12/6/2019,7588,7440,7649,7350,5.71K,1.99%
12/7/2019,7543,7585,7665,7520,1.72K,-0.59%
12/8/2019,7565,7543,7620,7434,4.30K,0.28%
12/9/2019,7380,7564,7701,7309,6.56K,-2.45%
12/10/2019,7255,7374,7433,7208,3.64K,-1.69%
12/11/2019,7231,7255,7296,7170,3.12K,-0.33%
12/12/2019,7224,7231,7326,7134,5.64K,-0.09%
12/13/2019,7283,7224,7332,7219,2.90K,0.82%
12/14/2019,7101,7283,7291,7039,3.41K,-2.50%
12/15/2019,7153,7101,7219,7047,3.53K,0.73%
12/16/2019,6927,7153,7190,6900,13.42K,-3.16%
12/17/2019,6667,6927,6972,6624,12.66K,-3.75%
12/18/2019,7323,6667,7480,6479,13.75K,9.84%
12/19/2019,7182,7327,7413,7089,5.43K,-1.93%
12/20/2019,7213,7182,7249,7117,5.70K,0.43%
12/21/2019,7166,7213,7215,7145,2.28K,-0.65%
12/22/2019,7532,7166,7541,7160,3.62K,5.10%
12/23/2019,7347,7539,7715,7283,7.08K,-2.45%
12/24/2019,7277,7346,7445,7183,4.25K,-0.96%
12/25/2019,7220,7270,7287,7145,3.36K,-0.78%
12/26/2019,7232,7220,7464,7189,4.72K,0.17%
12/27/2019,7287,7235,7300,7114,4.00K,0.75%
12/28/2019,7334,7294,7390,7281,2.73K,0.65%
12/29/2019,7418,7333,7552,7312,2.49K,1.14%
12/30/2019,7261,7413,7422,7218,4.09K,-2.12%
12/31/2019,7208,7261,7333,7161,2.99K,-0.72%
1/1/2020,7213,7208,7269,7185,2.07K,0.06%
1/2/2020,6989,7213,7225,6963,4.85K,-3.10%
1/3/2020,7368,6989,7438,6909,6.68K,5.41%
1/4/2020,7370,7372,7422,7298,4.27K,0.03%
1/5/2020,7365,7370,7510,7316,4.45K,-0.07%
1/6/2020,7758,7365,7785,7358,8.54K,5.34%
1/7/2020,8150,7760,8200,7742,12.35K,5.05%
1/8/2020,8037,8158,8442,7883,11.76K,-1.39%
1/9/2020,7818,8037,8037,7756,4.67K,-2.73%
1/10/2020,8176,7817,8178,7679,7.86K,4.59%
1/11/2020,8014,8184,8272,7995,4.25K,-1.99%
1/12/2020,8175,8014,8175,7952,3.21K,2.01%
1/13/2020,8095,8175,8198,8054,2.59K,-0.98%
1/14/2020,8776,8104,8829,8099,16.57K,8.41%
1/15/2020,8808,8761,8873,8560,8.78K,0.37%
1/16/2020,8721,8811,8840,8580,5.31K,-0.99%
1/17/2020,8875,8720,8995,8674,9.69K,1.78%
1/18/2020,8892,8873,8965,8794,3.46K,0.18%
1/19/2020,8694,8892,9170,8456,12.41K,-2.22%
1/20/2020,8638,8699,8741,8520,4.11K,-0.64%
1/21/2020,8734,8638,8783,8512,3.25K,1.11%
1/22/2020,8664,8734,8800,8581,2.35K,-0.80%
1/23/2020,8404,8669,8669,8297,5.70K,-3.01%
1/24/2020,8447,8404,8522,8248,3.51K,0.52%
1/25/2020,8354,8447,8447,8280,2.10K,-1.11%
1/26/2020,8622,8351,8622,8304,3.52K,3.21%
1/27/2020,8912,8622,9002,8585,6.28K,3.37%
1/28/2020,9394,8912,9413,8912,9.12K,5.41%
1/29/2020,9304,9391,9442,9244,4.60K,-0.95%
1/30/2020,9513,9305,9550,9176,9.02K,2.24%
1/31/2020,9367,9513,9520,9222,4.87K,-1.53%
2/1/2020,9411,9371,9476,9318,2.53K,0.46%
2/2/2020,9353,9408,9501,9175,6.44K,-0.61%
2/3/2020,9309,9353,9625,9247,6.72K,-0.47%
2/4/2020,9197,9309,9360,9113,4.07K,-1.20%
2/5/2020,9612,9198,9731,9180,10.77K,4.51%
2/6/2020,9745,9612,9860,9547,8.58K,1.38%
2/7/2020,9805,9745,9860,9696,3.70K,0.62%
2/8/2020,9877,9805,9921,9658,5.53K,0.73%
2/9/2020,10151,9877,10161,9871,9.64K,2.77%
2/10/2020,9850,10152,10187,9738,8.52K,-2.96%
2/11/2020,10247,9851,10316,9720,8.45K,4.03%
2/12/2020,10339,10249,10458,10238,8.71K,0.90%
2/13/2020,10222,10338,10489,10080,8.98K,-1.13%
2/14/2020,10335,10222,10371,10101,4.13K,1.11%
2/15/2020,9901,10335,10370,9800,6.40K,-4.20%
2/16/2020,9930,9901,10037,9651,6.93K,0.29%
2/17/2020,9708,9930,9964,9502,9.30K,-2.23%
2/18/2020,10183,9708,10275,9626,8.25K,4.89%
2/19/2020,9592,10184,10309,9350,13.94K,-5.80%
2/20/2020,9608,9586,9695,9362,6.50K,0.17%
2/21/2020,9694,9609,9757,9568,11.10K,0.89%
2/22/2020,9662,9693,9714,9565,1.84K,-0.32%
2/23/2020,9985,9663,10001,9660,7.30K,3.34%
2/24/2020,9674,9984,10022,9484,6.59K,-3.11%
2/25/2020,9328,9674,9687,9251,8.49K,-3.58%
2/26/2020,8813,9325,9386,8653,14.59K,-5.51%
2/27/2020,8826,8813,8975,8555,8.39K,0.14%
2/28/2020,8728,8826,8908,8455,7.09K,-1.11%
2/29/2020,8557,8731,8821,8557,2.50K,-1.96%
3/1/2020,8565,8562,8775,8460,5.39K,0.09%
3/2/2020,8938,8557,8991,8525,5.32K,4.35%
3/3/2020,8791,8939,8940,8700,5.32K,-1.64%
3/4/2020,8789,8791,8878,8718,4.17K,-0.03%
3/5/2020,9091,8795,9185,8795,5.72K,3.44%
3/6/2020,9181,9086,9200,9016,3.14K,0.99%
3/7/2020,8919,9181,9231,8885,4.49K,-2.85%
3/8/2020,8074,8917,8917,8050,25.59K,-9.47%
3/9/2020,7967,8074,8215,7700,22.56K,-1.32%
3/10/2020,7914,7966,8180,7779,10.17K,-0.67%
3/11/2020,7970,7918,8021,7635,10.98K,0.71%
3/12/2020,4927,7975,8002,4612,116.68K,-38.18%
3/13/2020,5625,4873,5965,4001,102.82K,14.17%
3/14/2020,5218,5622,5673,5099,18.64K,-7.24%
3/15/2020,5383,5217,5984,5133,22.62K,3.16%
3/16/2020,5059,5382,5382,4468,41.78K,-6.03%
3/17/2020,5345,5068,5564,4964,19.60K,5.67%
3/18/2020,5416,5339,5453,5034,21.13K,1.33%
3/19/2020,6173,5417,6413,5266,31.25K,13.98%
3/20/2020,6206,6174,6897,5688,31.08K,0.52%
3/21/2020,6202,6211,6461,5885,12.94K,-0.06%
3/22/2020,5827,6203,6411,5757,16.28K,-6.04%
3/23/2020,6491,5820,6652,5683,19.55K,11.40%
3/24/2020,6762,6491,6839,6406,16.62K,4.17%
3/25/2020,6688,6762,6968,6450,13.79K,-1.09%
3/26/2020,6751,6688,6790,6537,6.73K,0.93%
3/27/2020,6370,6755,6856,6278,11.08K,-5.64%
3/28/2020,6249,6366,6366,6061,12.96K,-1.89%
3/29/2020,5893,6252,6280,5893,11.22K,-5.71%
3/30/2020,6408,5894,6627,5881,12.38K,8.74%
3/31/2020,6428,6409,6536,6350,5.75K,0.31%
4/1/2020,6675,6429,6715,6180,11.23K,3.85%
4/2/2020,6818,6686,7263,6591,20.08K,2.15%
4/3/2020,6741,6811,7048,6625,9.97K,-1.14%
4/4/2020,6882,6739,7011,6660,7.12K,2.09%
4/5/2020,6778,6881,6915,6693,5.65K,-1.51%
4/6/2020,7346,6780,7350,6780,14.59K,8.38%
4/7/2020,7203,7340,7452,7088,11.99K,-1.95%
4/8/2020,7367,7203,7420,7156,8.18K,2.28%
4/9/2020,7294,7367,7371,7117,7.75K,-1.00%
4/10/2020,6876,7294,7306,6756,15.84K,-5.73%
4/11/2020,6885,6874,6954,6780,4.07K,0.13%
4/12/2020,6913,6885,7192,6798,8.89K,0.41%
4/13/2020,6849,6917,6917,6577,12.68K,-0.93%
4/14/2020,6872,6848,6985,6763,4.30K,0.35%
4/15/2020,6634,6874,6938,6621,6.01K,-3.47%
4/16/2020,7115,6629,7200,6500,17.75K,7.25%
4/17/2020,7046,7115,7159,7013,4.68K,-0.97%
4/18/2020,7269,7046,7300,7045,5.20K,3.17%
4/19/2020,7133,7269,7285,7059,4.74K,-1.87%
4/20/2020,6842,7133,7235,6767,9.96K,-4.09%
4/21/2020,6850,6835,6956,6771,6.46K,0.12%
4/22/2020,7133,6850,7164,6826,5.15K,4.13%
4/23/2020,7495,7133,7745,7047,16.38K,5.08%
4/24/2020,7507,7499,7614,7428,8.80K,0.15%
4/25/2020,7539,7508,7700,7450,5.17K,0.42%
4/26/2020,7697,7539,7697,7487,5.32K,2.10%
4/27/2020,7778,7698,7778,7623,6.90K,1.05%
4/28/2020,7756,7778,7778,7659,5.62K,-0.28%
4/29/2020,8773,7751,8918,7706,30.21K,13.12%
4/30/2020,8635,8774,9439,8416,29.83K,-1.57%
5/1/2020,8823,8631,9070,8631,7.92K,2.17%
5/2/2020,8982,8823,8999,8763,5.09K,1.81%
5/3/2020,8900,8982,9198,8739,9.72K,-0.92%
5/4/2020,8866,8902,8959,8535,9.32K,-0.38%
5/5/2020,9020,8871,9120,8771,7.71K,1.74%
5/6/2020,9158,9020,9415,8918,8.73K,1.53%
5/7/2020,9980,9150,10045,9050,19.87K,8.97%
5/8/2020,9793,9991,10025,9714,12.20K,-1.87%
5/9/2020,9538,9792,9900,9499,8.26K,-2.60%
5/10/2020,8726,9538,9558,8107,26.50K,-8.51%
5/11/2020,8555,8726,9136,8211,20.56K,-1.96%
5/12/2020,8811,8555,8967,8527,5.65K,3.00%
5/13/2020,9312,8811,9403,8800,9.89K,5.68%
5/14/2020,9791,9312,9938,9268,12.87K,5.14%
5/15/2020,9313,9791,9837,9134,11.34K,-4.88%
5/16/2020,9388,9313,9580,9224,4.16K,0.80%
5/17/2020,9668,9388,9878,9334,9.66K,2.98%
5/18/2020,9715,9668,9941,9462,9.20K,0.48%
5/19/2020,9770,9715,9878,9470,5.59K,0.57%
5/20/2020,9502,9770,9841,9305,9.60K,-2.74%
5/21/2020,9060,9502,9564,8821,11.34K,-4.66%
5/22/2020,9162,9060,9257,8936,3.83K,1.14%
5/23/2020,9175,9162,9304,9089,2.45K,0.13%
5/24/2020,8712,9175,9300,8700,6.73K,-5.05%
5/25/2020,8902,8712,8961,8629,5.61K,2.19%
5/26/2020,8846,8902,9013,8705,3.94K,-0.63%
5/27/2020,9210,8846,9225,8823,5.46K,4.12%
5/28/2020,9589,9210,9630,9122,7.63K,4.11%
5/29/2020,9426,9589,9619,9352,3.88K,-1.70%
5/30/2020,9706,9426,9742,9338,6.16K,2.97%
5/31/2020,9452,9706,9707,9403,3.69K,-2.62%
6/1/2020,10221,9452,10390,9422,13.43K,8.13%
6/2/2020,9530,10221,10242,9197,21.47K,-6.76%
6/3/2020,9672,9530,9684,9400,2.66K,1.49%
6/4/2020,9791,9672,9882,9477,4.28K,1.23%
6/5/2020,9621,9791,9862,9621,3.62K,-1.74%
6/6/2020,9668,9620,9733,9553,1.95K,0.50%
6/7/2020,9746,9668,9814,9402,4.71K,0.81%
6/8/2020,9783,9747,9800,9650,2.36K,0.38%
6/9/2020,9771,9784,9876,9582,3.40K,-0.13%
6/10/2020,9899,9772,10004,9699,4.46K,1.31%
6/11/2020,9272,9899,9973,9089,15.78K,-6.33%
6/12/2020,9468,9272,9544,9246,5.05K,2.11%
6/13/2020,9481,9468,9498,9364,1.85K,0.13%
6/14/2020,9345,9481,9486,9262,2.69K,-1.43%
6/15/2020,9434,9345,9510,8915,10.16K,0.95%
6/16/2020,9534,9435,9590,9388,3.44K,1.07%
6/17/2020,9473,9534,9566,9261,3.14K,-0.64%
6/18/2020,9400,9473,9496,9287,1.66K,-0.77%
6/19/2020,9316,9400,9440,9242,2.62K,-0.90%
6/20/2020,9371,9316,9401,9179,1.87K,0.60%
6/21/2020,9298,9371,9431,9292,1.34K,-0.78%
6/22/2020,9698,9298,9794,9285,5.88K,4.30%
6/23/2020,9635,9698,9724,9595,3.42K,-0.65%
6/24/2020,9312,9635,9684,9222,5.52K,-3.35%
6/25/2020,9257,9312,9344,9013,5.55K,-0.59%
6/26/2020,9173,9257,9299,9054,3.69K,-0.91%
6/27/2020,9015,9173,9200,8857,3.37K,-1.72%
6/28/2020,9128,9015,9193,8949,2.11K,1.25%
6/29/2020,9194,9128,9242,9030,3.64K,0.73%
6/30/2020,9151,9194,9207,9077,1.83K,-0.48%
7/1/2020,9240,9151,9298,9110,2.19K,0.98%
7/2/2020,9100,9240,9266,8950,3.79K,-1.51%
7/3/2020,9074,9100,9136,9058,1.09K,-0.29%
7/4/2020,9148,9074,9204,9060,1.13K,0.81%
7/5/2020,9090,9148,9152,9005,2.08K,-0.63%
7/6/2020,9361,9090,9361,9080,4.26K,2.99%
7/7/2020,9268,9361,9361,9255,1.63K,-1.00%
7/8/2020,9447,9268,9481,9268,3.81K,1.94%
7/9/2020,9249,9447,9447,9215,3.71K,-2.10%
7/10/2020,9306,9249,9306,9162,1.42K,0.61%
7/11/2020,9246,9306,9306,9222,0.81K,-0.64%
7/12/2020,9316,9246,9316,9196,1.86K,0.75%
7/13/2020,9252,9316,9345,9238,1.93K,-0.68%
7/14/2020,9263,9252,9271,9195,2.20K,0.12%
7/15/2020,9210,9263,9263,9196,0.90K,-0.58%
7/16/2020,9150,9210,9216,9092,2.87K,-0.65%
7/17/2020,9167,9150,9172,9129,1.06K,0.19%
7/18/2020,9189,9167,9200,9143,1.17K,0.24%
7/19/2020,9231,9189,9231,9131,1.44K,0.46%
7/20/2020,9179,9231,9231,9170,1.40K,-0.56%
7/21/2020,9402,9179,9434,9179,5.40K,2.43%
7/22/2020,9558,9402,9558,9349,4.14K,1.66%
7/23/2020,9615,9558,9643,9495,4.70K,0.60%
7/24/2020,9559,9615,9615,9505,2.26K,-0.58%
7/25/2020,9715,9559,9731,9559,2.56K,1.63%
7/26/2020,9948,9715,10008,9686,8.94K,2.40%
7/27/2020,11044,9946,11249,9946,21.58K,11.02%
7/28/2020,10932,11044,11212,10761,9.88K,-1.01%
7/29/2020,11117,10932,11240,10929,8.82K,1.69%
7/30/2020,11123,11117,11180,10965,4.25K,0.05%
7/31/2020,11350,11123,11378,11038,5.83K,2.04%
8/1/2020,11805,11350,11805,11307,10.57K,4.01%
8/2/2020,11054,11805,11917,11032,13.22K,-6.36%
8/3/2020,11227,11054,11389,11054,4.09K,1.56%
8/4/2020,11184,11227,11347,11096,3.26K,-0.38%
8/5/2020,11736,11184,11736,11182,5.79K,4.93%
8/6/2020,11759,11736,11858,11650,3.90K,0.20%
8/7/2020,11580,11759,11845,11509,5.09K,-1.52%
8/8/2020,11764,11580,11772,11564,1.87K,1.59%
8/9/2020,11676,11764,11782,11572,1.57K,-0.75%
8/10/2020,11892,11676,12024,11676,6.57K,1.85%
8/11/2020,11380,11892,11912,11278,7.11K,-4.31%
8/12/2020,11591,11380,11591,11257,5.82K,1.86%
8/13/2020,11793,11589,11793,11388,5.78K,1.74%
8/14/2020,11761,11793,11824,11699,4.65K,-0.27%
8/15/2020,11873,11761,11977,11761,4.04K,0.96%
8/16/2020,11925,11873,11925,11781,2.71K,0.43%
8/17/2020,12300,11925,12415,11826,10.12K,3.14%
8/18/2020,11962,12300,12359,11927,7.18K,-2.75%
8/19/2020,11778,11962,12004,11695,6.29K,-1.54%
8/20/2020,11884,11778,11900,11719,2.73K,0.90%
8/21/2020,11531,11884,11889,11531,6.10K,-2.97%
8/22/2020,11685,11531,11691,11449,3.46K,1.34%
8/23/2020,11663,11685,11693,11551,1.93K,-0.19%
8/24/2020,11768,11663,11818,11617,1.99K,0.90%
8/25/2020,11341,11768,11768,11200,6.16K,-3.63%
8/26/2020,11471,11341,11482,11316,2.48K,1.15%
8/27/2020,11343,11471,11471,11254,4.81K,-1.12%
8/28/2020,11545,11343,11545,11343,2.02K,1.78%
8/29/2020,11492,11545,11587,11476,1.52K,-0.46%
8/30/2020,11730,11492,11730,11492,2.10K,2.07%
8/31/2020,11671,11730,11734,11639,2.24K,-0.50%
9/1/2020,11942,11671,12037,11616,5.02K,2.32%
9/2/2020,11408,11942,11942,11334,6.19K,-4.47%
9/3/2020,10170,11408,11408,10011,15.88K,-10.85%
9/4/2020,10485,10170,10593,10170,13.59K,3.09%
9/5/2020,10197,10485,10518,10046,8.51K,-2.74%
9/6/2020,10276,10197,10325,10122,2.76K,0.77%
9/7/2020,10397,10276,10397,9964,6.30K,1.18%
9/8/2020,10150,10397,10397,10007,6.76K,-2.38%
9/9/2020,10240,10150,10324,10030,2.41K,0.89%
9/10/2020,10355,10240,10407,10240,3.55K,1.12%
9/11/2020,10405,10355,10405,10220,2.47K,0.48%
9/12/2020,10458,10405,10464,10352,1.43K,0.51%
9/13/2020,10331,10458,10560,10244,4.04K,-1.21%
9/14/2020,10686,10331,10754,10331,3.68K,3.44%
9/15/2020,10797,10690,10900,10690,4.99K,1.04%
9/16/2020,10971,10797,11091,10691,4.80K,1.61%
9/17/2020,10959,10971,11040,10813,2.51K,-0.11%
9/18/2020,10957,10959,11022,10868,2.26K,-0.02%
9/19/2020,11099,10957,11127,10957,2.47K,1.29%
9/20/2020,10935,11099,11099,10848,1.82K,-1.48%
9/21/2020,10434,10935,10981,10434,6.01K,-4.58%
9/22/2020,10549,10435,10589,10435,2.41K,1.10%
9/23/2020,10263,10549,10549,10255,3.09K,-2.71%
9/24/2020,10754,10263,10760,10263,3.20K,4.78%
9/25/2020,10708,10754,10765,10629,2.35K,-0.43%
9/26/2020,10750,10708,10777,10701,0.94K,0.39%
9/27/2020,10803,10750,10807,10664,1.75K,0.49%
9/28/2020,10712,10803,10941,10712,3.79K,-0.84%
9/29/2020,10856,10712,10856,10697,1.79K,1.34%
9/30/2020,10794,10856,10856,10715,1.50K,-0.57%
10/1/2020,10634,10795,10909,10523,5.68K,-1.48%
10/2/2020,10586,10634,10634,10476,3.74K,-0.45%
10/3/2020,10559,10586,10608,10535,0.83K,-0.26%
10/4/2020,10687,10559,10694,10558,1.63K,1.22%
10/5/2020,10807,10687,10807,10669,1.78K,1.12%
10/6/2020,10614,10807,10807,10592,3.22K,-1.79%
10/7/2020,10687,10614,10687,10584,1.67K,0.69%
10/8/2020,10943,10687,10943,10577,3.64K,2.40%
10/9/2020,11071,10943,11102,10878,2.57K,1.17%
10/10/2020,11308,11071,11450,11071,4.17K,2.14%
10/11/2020,11385,11308,11430,11308,1.48K,0.68%
10/12/2020,11560,11385,11699,11284,6.37K,1.54%
10/13/2020,11442,11560,11560,11393,3.91K,-1.02%
10/14/2020,11440,11442,11547,11347,2.69K,-0.02%
10/15/2020,11509,11440,11513,11335,4.26K,0.60%
10/16/2020,11325,11509,11540,11268,3.46K,-1.60%
10/17/2020,11375,11325,11375,11325,1.04K,0.44%
10/18/2020,11518,11375,11518,11366,1.32K,1.26%
10/19/2020,11757,11518,11764,11451,3.77K,2.08%
10/20/2020,11925,11757,11980,11723,5.42K,1.43%
10/21/2020,12825,11925,13099,11925,15.40K,7.55%
10/22/2020,12988,12811,13128,12738,6.09K,1.27%
10/23/2020,12935,12988,12999,12757,2.90K,-0.41%
10/24/2020,13132,12935,13166,12905,1.97K,1.52%
10/25/2020,13037,13127,13298,12990,3.63K,-0.72%
10/26/2020,13061,13037,13205,12863,3.68K,0.18%
10/27/2020,13626,13061,13704,13061,8.98K,4.33%
10/28/2020,13272,13626,13763,13041,7.11K,-2.60%
10/29/2020,13451,13272,13555,13153,4.07K,1.35%
10/30/2020,13568,13451,13642,13250,4.66K,0.87%
10/31/2020,13788,13568,13958,13499,8.95K,1.62%
11/1/2020,13756,13788,13829,13680,3.11K,-0.23%
11/2/2020,13563,13756,13829,13414,6.59K,-1.40%
11/3/2020,14025,13562,14025,13401,5.81K,3.41%
11/4/2020,14160,14025,14160,13643,10.10K,0.96%
11/5/2020,15574,14160,15574,14160,15.90K,9.99%
11/6/2020,15572,15568,15876,15441,12.10K,-0.01%
11/7/2020,14844,15572,15610,14734,14.37K,-4.67%
11/8/2020,15501,14844,15554,14844,6.47K,4.43%
11/9/2020,15329,15501,15687,15064,8.95K,-1.11%
11/10/2020,15312,15329,15402,15177,3.74K,-0.11%
11/11/2020,15710,15312,15912,15312,6.94K,2.60%
11/12/2020,16294,15710,16294,15656,12.30K,3.72%
11/13/2020,16310,16296,16405,16079,7.70K,0.10%
11/14/2020,16058,16310,16310,15833,5.09K,-1.54%
11/15/2020,15962,16057,16095,15871,2.56K,-0.60%
11/16/2020,16710,15962,16828,15906,6.52K,4.68%
11/17/2020,17675,16710,17740,16627,12.21K,5.77%
11/18/2020,17773,17675,18212,17379,17.52K,0.56%
11/19/2020,17810,17773,18140,17486,5.57K,0.21%
11/20/2020,18669,17810,18700,17810,7.97K,4.82%
11/21/2020,18660,18669,18945,18521,6.62K,-0.05%
11/22/2020,18399,18660,18668,18122,9.10K,-1.40%
11/23/2020,18373,18399,18655,18158,8.76K,-0.14%
11/24/2020,19135,18373,19349,18357,14.94K,4.15%
11/25/2020,18730,19135,19303,18730,13.48K,-2.12%
11/26/2020,17219,18727,18824,16592,34.34K,-8.07%
11/27/2020,17169,17212,17492,16615,11.21K,-0.29%
11/28/2020,17746,17169,17800,16997,5.75K,3.36%
11/29/2020,18196,17746,18212,17579,3.99K,2.54%
11/30/2020,19686,18196,19723,18196,14.95K,8.19%
12/1/2020,18807,19695,19733,18727,21.94K,-4.47%
12/2/2020,19241,18807,19275,18538,7.63K,2.31%
12/3/2020,19447,19241,19560,18999,5.25K,1.07%
12/4/2020,18657,19452,19452,18657,8.65K,-4.06%
12/5/2020,19157,18657,19157,18657,3.66K,2.68%
12/6/2020,19410,19157,19410,19016,4.33K,1.32%
12/7/2020,19196,19410,19410,18959,2.29K,-1.10%
12/8/2020,18335,19196,19299,18335,9.62K,-4.49%
12/9/2020,18560,18337,18630,17827,9.77K,1.23%
12/10/2020,18260,18560,18560,18155,3.66K,-1.62%
12/11/2020,18050,18260,18260,17764,6.57K,-1.15%
12/12/2020,18811,18050,18821,18050,3.68K,4.21%
12/13/2020,19180,18818,19338,18747,4.83K,1.96%
12/14/2020,19281,19180,19281,19076,2.53K,0.53%
12/15/2020,19459,19282,19548,19135,6.93K,0.92%
12/16/2020,21322,19459,21322,19388,21.07K,9.57%
12/17/2020,22807,21322,23492,21322,22.87K,6.96%
12/18/2020,23127,22807,23142,22544,7.28K,1.41%
12/19/2020,23804,23127,24058,22966,9.67K,2.93%
12/20/2020,23427,23804,24099,23332,9.60K,-1.58%
12/21/2020,22701,23433,23901,22483,14.18K,-3.10%
12/22/2020,23805,22701,23805,22490,7.41K,4.86%
12/23/2020,23234,23805,23916,22917,12.07K,-2.40%
12/24/2020,23735,23234,23735,22860,4.75K,2.16%
12/25/2020,24717,23743,24717,23491,13.78K,4.14%
12/26/2020,26412,24717,26577,24566,13.15K,6.86%
12/27/2020,26241,26410,28051,26241,17.96K,-0.65%
12/28/2020,27058,26241,27308,26241,7.60K,3.11%
12/29/2020,27315,27058,27315,25923,8.92K,0.95%
12/30/2020,28880,27316,28892,27316,10.51K,5.73%
12/31/2020,28933,28880,29133,28358,12.22K,0.18%
1/1/2021,29346,28933,29498,28932,8.33K,1.43%
1/2/2021,32185,29346,33168,29192,22.01K,9.67%
1/3/2021,32971,32183,34253,32110,18.91K,2.44%
1/4/2021,32020,32971,33403,29178,24.68K,-2.88%
1/5/2021,33996,32020,33996,30979,14.48K,6.17%
1/6/2021,36755,33986,36755,33901,18.62K,8.12%
1/7/2021,39407,36755,39672,36755,22.11K,7.22%
1/8/2021,40509,39407,41616,37723,21.79K,2.80%
1/9/2021,40171,40509,41046,38966,8.17K,-0.83%
1/10/2021,38226,40171,41209,37436,19.01K,-4.84%
1/11/2021,35476,38226,38226,31842,48.04K,-7.19%
1/12/2021,34103,35448,35839,33616,22.18K,-3.87%
1/13/2021,37375,34106,37418,33160,14.89K,9.59%
1/14/2021,39170,37374,39750,37193,12.97K,4.80%
1/15/2021,36741,39145,39476,35268,15.55K,-6.20%
1/16/2021,36055,36741,37750,35809,10.84K,-1.87%
1/17/2021,35903,36061,36570,33914,9.85K,-0.42%
1/18/2021,36699,35913,36906,35180,8.41K,2.22%
1/19/2021,35958,36699,37673,35958,9.61K,-2.02%
1/20/2021,35521,35915,36263,33447,14.14K,-1.22%
1/21/2021,30873,35522,35522,30609,22.35K,-13.09%
1/22/2021,33062,30852,33631,28991,15.72K,7.09%
1/23/2021,32099,33062,33062,31773,7.07K,-2.91%
1/24/2021,32298,32099,32830,31481,5.89K,0.62%
1/25/2021,32268,32298,34693,32268,9.23K,-0.09%
1/26/2021,32519,32268,32735,31434,8.54K,0.78%
1/27/2021,30454,32519,32519,29815,14.77K,-6.35%
1/28/2021,33331,30454,33418,30344,9.17K,9.45%
1/29/2021,34281,33350,38056,32466,28.64K,2.85%
1/30/2021,34334,34268,34791,33137,7.29K,0.16%
1/31/2021,33141,34334,34334,32270,5.82K,-3.47%
2/1/2021,33559,33141,34460,32595,5.30K,1.26%
2/2/2021,35563,33559,35960,33559,7.01K,5.97%
2/3/2021,37677,35563,37677,35563,8.80K,5.94%
2/4/2021,36975,37677,37998,36521,6.42K,-1.86%
2/5/2021,38260,36975,38260,36759,4.48K,3.48%
2/6/2021,39257,38260,40780,38260,10.18K,2.61%
2/7/2021,38841,39257,39561,38061,7.63K,-1.06%
2/8/2021,46440,38841,46440,38250,24.79K,19.56%
2/9/2021,46486,46440,48004,45882,15.90K,0.10%
2/10/2021,44835,46486,47056,44541,10.02K,-3.55%
2/11/2021,47966,44835,47981,44444,10.30K,6.98%
2/12/2021,47389,47966,48540,47072,10.79K,-1.20%
2/13/2021,47177,47389,47939,46582,5.23K,-0.45%
2/14/2021,48587,47177,49279,47177,7.34K,2.99%
2/15/2021,47941,48587,48694,46563,9.88K,-1.33%
2/16/2021,49225,47941,49534,47643,13.04K,2.68%
2/17/2021,52060,49225,52284,49225,9.21K,5.76%
2/18/2021,51566,52060,52433,51357,5.87K,-0.95%
2/19/2021,55847,51566,56093,51079,11.80K,8.30%
2/20/2021,55838,55847,57352,55182,11.63K,-0.02%
2/21/2021,57376,55838,58238,55639,6.69K,2.75%
2/22/2021,54078,57376,57376,48383,27.31K,-5.75%
2/23/2021,48888,54078,54078,45344,32.59K,-9.60%
2/24/2021,49715,48888,51043,47179,12.00K,1.69%
2/25/2021,47144,49715,51511,47144,9.55K,-5.17%
2/26/2021,46319,47144,48250,45320,22.33K,-1.75%
2/27/2021,46217,46319,47767,46217,7.60K,-0.22%
2/28/2021,45300,46217,46361,43380,13.54K,-1.98%
3/1/2021,49572,45300,49572,45300,9.42K,9.43%
3/2/2021,48526,49572,49572,47454,8.37K,-2.11%
3/3/2021,50425,48526,52018,48526,8.60K,3.91%
3/4/2021,48368,50425,51556,48059,9.56K,-4.08%
3/5/2021,48811,48368,49277,46662,9.42K,0.92%
3/6/2021,48895,48811,49043,47515,4.21K,0.17%
3/7/2021,51031,48895,51031,48895,5.37K,4.37%
3/8/2021,52395,51031,52395,49821,6.15K,2.67%
3/9/2021,54949,52395,54949,52395,8.20K,4.88%
3/10/2021,55955,54950,57033,53699,10.68K,1.83%
3/11/2021,57869,55939,57921,54834,8.66K,3.42%
3/12/2021,57315,57869,57869,55946,9.56K,-0.96%
3/13/2021,61207,57315,61207,56488,13.70K,6.79%
3/14/2021,59005,61207,61468,59005,6.64K,-3.60%
3/15/2021,55644,59005,60141,55644,14.78K,-5.70%
3/16/2021,56924,55644,56924,54049,10.49K,2.30%
3/17/2021,58870,56924,58870,54576,11.27K,3.42%
3/18/2021,57640,58870,59799,57580,7.24K,-2.09%
3/19/2021,58074,57640,58961,57030,6.48K,0.75%
3/20/2021,58087,58074,59421,58074,6.78K,0.02%
3/21/2021,57368,58087,58500,56200,8.29K,-1.24%
3/22/2021,54074,57368,58036,54074,8.72K,-5.74%
3/23/2021,54331,54074,55647,53541,6.57K,0.48%
3/24/2021,52347,54331,56919,52347,14.08K,-3.65%
3/25/2021,51363,52347,52926,50874,11.59K,-1.88%
3/26/2021,54993,51363,54993,51363,7.71K,7.07%
3/27/2021,55886,54993,56249,54373,5.18K,1.62%
3/28/2021,55773,55886,56326,55089,4.21K,-0.20%
3/29/2021,57672,55773,58162,54984,10.12K,3.41%
3/30/2021,58841,57672,59349,57278,7.87K,2.03%
3/31/2021,58796,58841,59453,57698,8.12K,-0.08%
4/1/2021,58727,58796,59173,58498,4.35K,-0.12%
4/2/2021,58959,58727,59834,58727,6.15K,0.39%
4/3/2021,57023,58959,59499,57023,6.63K,-3.28%
4/4/2021,58240,57023,58240,57023,4.97K,2.13%
4/5/2021,59145,58240,59145,57034,5.59K,1.55%
4/6/2021,57991,59145,59200,57603,5.62K,-1.95%
4/7/2021,55960,57991,58490,55960,8.85K,-3.50%
4/8/2021,58110,55960,58110,55960,4.48K,3.84%
4/9/2021,58114,58110,58683,57849,3.75K,0.01%
4/10/2021,59824,58114,60984,58114,9.79K,2.94%
4/11/2021,60035,59824,60486,59411,4.65K,0.35%
4/12/2021,59900,60035,60701,59747,5.50K,-0.22%
4/13/2021,63518,59900,63518,59900,11.26K,6.04%
4/14/2021,62943,63518,64374,62065,10.93K,-0.91%
4/15/2021,63196,62907,63475,62348,6.61K,0.40%
4/16/2021,61325,63196,63453,60286,11.54K,-2.96%
4/17/2021,59970,61325,62368,59970,7.02K,-2.21%
4/18/2021,56163,59970,60223,54417,26.33K,-6.35%
4/19/2021,55639,56173,57359,54913,8.57K,-0.93%
4/20/2021,56476,55639,56950,54398,8.39K,1.50%
4/21/2021,53822,56476,56476,53822,7.10K,-4.70%
4/22/2021,51781,53822,55067,51781,12.69K,-3.79%
4/23/2021,51139,51781,51781,48720,17.25K,-1.24%
4/24/2021,50167,51139,51139,49572,5.98K,-1.90%
4/25/2021,49116,50167,50539,48410,9.60K,-2.09%
4/26/2021,54103,49129,54214,49129,11.01K,10.15%
4/27/2021,55044,54103,55215,53660,7.24K,1.74%
4/28/2021,54860,55044,55575,54090,5.76K,-0.33%
4/29/2021,53566,54860,54860,52631,7.08K,-2.36%
4/30/2021,57637,53566,57637,53339,7.86K,7.60%
5/1/2021,57774,57635,58265,57259,4.32K,0.24%
5/2/2021,56605,57774,57774,56385,4.20K,-2.02%
5/3/2021,57147,56605,58686,56605,7.63K,0.96%
5/4/2021,53264,57147,57147,53264,10.03K,-6.79%
5/5/2021,57477,52960,57477,52960,7.66K,7.91%
5/6/2021,56451,57487,57843,55897,10.44K,-1.79%
5/7/2021,57349,56451,58101,55606,6.93K,1.59%
5/8/2021,58894,57349,59327,57317,7.61K,2.69%
5/9/2021,58276,58894,58957,56977,8.48K,-1.05%
5/10/2021,55851,58276,59454,55448,13.49K,-4.16%
5/11/2021,56715,55851,56724,54789,7.69K,1.55%
5/12/2021,49725,56715,57688,49725,14.96K,-12.32%
5/13/2021,49747,49725,51154,48121,21.16K,0.04%
5/14/2021,49917,49747,51168,49289,6.05K,0.34%
5/15/2021,46785,49917,50526,46785,9.49K,-6.27%
5/16/2021,46583,46785,49460,45340,19.06K,-0.43%
5/17/2021,43544,46569,46569,42304,37.72K,-6.52%
5/18/2021,42935,43544,45474,42612,10.72K,-1.40%
5/19/2021,36755,42935,42935,35303,67.82K,-14.39%
5/20/2021,40578,36755,41827,35198,25.60K,10.40%
5/21/2021,37415,40550,41500,35188,23.31K,-7.79%
5/22/2021,37585,37415,38662,36150,13.56K,0.45%
5/23/2021,34730,37585,38186,32623,25.99K,-7.60%
5/24/2021,38773,34730,39201,34730,15.13K,11.64%
5/25/2021,38363,38773,39761,36761,7.77K,-1.06%
5/26/2021,39301,38363,40498,38020,8.61K,2.45%
5/27/2021,38435,39301,40120,37381,5.55K,-2.20%
5/28/2021,35667,38485,38485,35028,10.22K,-7.20%
5/29/2021,34570,35667,36911,33681,7.76K,-3.08%
5/30/2021,35615,34570,36138,33680,6.02K,3.02%
5/31/2021,37305,35615,37305,34527,5.98K,4.75%
6/1/2021,36673,37305,37625,35928,5.29K,-1.70%
6/2/2021,37590,36673,38053,36192,3.97K,2.50%
6/3/2021,39209,37590,39209,37371,5.75K,4.31%
6/4/2021,36854,39209,39209,36532,5.93K,-6.01%
6/5/2021,35543,36844,37690,35296,6.59K,-3.56%
6/6/2021,35782,35543,36238,35496,6.51K,0.67%
6/7/2021,33596,35782,36613,33596,9.97K,-6.11%
6/8/2021,33415,33596,33745,31548,12.92K,-0.54%
6/9/2021,37347,33415,37490,32673,26.97K,11.77%
6/10/2021,36649,37347,37933,36559,9.57K,-1.87%
6/11/2021,37338,36649,37427,36342,6.42K,1.88%
6/12/2021,35531,37338,37338,35185,7.38K,-4.84%
6/13/2021,39004,35531,39021,34984,8.99K,9.77%
6/14/2021,40500,39004,40732,38812,9.73K,3.84%
6/15/2021,40139,40509,40709,39726,7.78K,-0.89%
6/16/2021,38332,40139,40394,38332,6.79K,-4.50%
6/17/2021,38061,38332,39324,37734,3.54K,-0.71%
6/18/2021,35802,38061,38061,35490,11.42K,-5.94%
6/19/2021,35586,35802,36236,35460,11.57K,-0.60%
6/20/2021,35631,35586,35966,33725,16.93K,0.13%
6/21/2021,31761,35631,35631,31475,23.45K,-10.86%
6/22/2021,32553,31761,33300,29927,26.87K,2.49%
6/23/2021,33703,32553,34196,32553,9.14K,3.53%
6/24/2021,34657,33703,35137,32530,4.86K,2.83%
6/25/2021,31584,34657,34915,31584,37.67K,-8.87%
6/26/2021,32359,31585,32359,30331,20.53K,2.45%
6/27/2021,34717,32359,34717,32359,28.71K,7.29%
6/28/2021,34484,34717,35168,34152,6.18K,-0.67%
6/29/2021,35896,34484,36411,34317,5.51K,4.09%
6/30/2021,35044,35896,35981,34754,3.45K,-2.37%
7/1/2021,33554,35044,35044,32821,5.82K,-4.25%
7/2/2021,33816,33554,33924,32727,5.15K,0.78%
7/3/2021,34758,33816,34762,33562,2.89K,2.79%
7/4/2021,35289,35494,35782,35289,2.93K,1.53%
7/5/2021,33668,35289,35289,33479,7.72K,-4.59%
7/6/2021,34140,33668,34859,33668,8.81K,1.40%
7/7/2021,33886,34256,35076,33826,3.51K,-0.74%
7/8/2021,32874,33886,33939,32063,14.29K,-2.99%
7/9/2021,33769,32874,34044,32574,6.66K,2.72%
7/10/2021,33506,33769,34221,33024,6.46K,-0.78%
7/11/2021,34239,33506,34584,33317,2.15K,2.19%
7/12/2021,33090,34239,34624,32616,8.41K,-3.36%
7/13/2021,32727,33090,33333,32210,4.02K,-1.10%
7/14/2021,32823,32727,33117,31596,5.19K,0.29%
7/15/2021,31857,32823,33194,31170,6.96K,-2.94%
7/16/2021,31429,31875,32266,31055,5.38K,-1.34%
7/17/2021,31559,31427,31975,31224,13.71K,0.41%
7/18/2021,31824,31559,32427,31212,12.41K,0.84%
7/19/2021,30847,31824,31924,30514,12.80K,-3.07%
7/20/2021,29806,30847,31075,29341,8.88K,-3.37%
7/21/2021,32141,29806,32804,29545,8.25K,7.83%
7/22/2021,32320,32141,32610,31747,5.23K,0.56%
7/23/2021,33597,32320,33625,32020,3.97K,3.95%
7/24/2021,33845,33597,34043,33422,3.34K,0.74%
7/25/2021,35407,34620,35430,33906,2.78K,4.62%
7/26/2021,37296,35422,40516,35276,16.31K,5.34%
7/27/2021,39563,37296,39563,36436,6.04K,6.08%
7/28/2021,40004,39563,40899,38822,7.98K,1.11%
7/29/2021,40041,40004,40623,39282,4.07K,0.09%
7/30/2021,42169,40034,42244,38373,7.77K,5.31%
7/31/2021,41409,42169,42317,41051,5.07K,-1.80%
8/1/2021,39922,41409,42532,39596,9.11K,-3.59%
8/2/2021,39156,39922,40441,38716,4.62K,-1.92%
8/3/2021,38207,39156,39774,37700,5.08K,-2.42%
8/4/2021,39754,38219,39965,37564,3.67K,4.05%
8/5/2021,40887,39741,41352,37361,6.43K,2.85%
8/6/2021,42830,40887,43294,39933,6.46K,4.75%
8/7/2021,44589,42830,44689,42464,9.32K,4.11%
8/8/2021,43770,44589,45249,43300,8.16K,-1.84%
8/9/2021,46293,43770,46432,42792,10.72K,5.76%
8/10/2021,45612,46291,46674,44644,6.37K,-1.47%
8/11/2021,45546,45612,46725,45358,4.32K,-0.14%
8/12/2021,44423,45546,46185,43789,5.64K,-2.47%
8/13/2021,47842,44423,47866,44276,7.39K,7.70%
8/14/2021,47084,47842,48120,46036,4.35K,-1.58%
8/15/2021,47031,47084,47355,45556,3.83K,-0.11%
8/16/2021,45940,47031,48059,45689,6.06K,-2.32%
8/17/2021,44698,45940,47157,44467,6.93K,-2.70%
8/18/2021,44744,44698,46008,44290,5.82K,0.10%
8/19/2021,46765,44744,47060,43992,5.97K,4.52%
8/20/2021,49332,46765,49362,46660,6.04K,5.49%
8/21/2021,48868,49332,49784,48290,3.92K,-0.94%
8/22/2021,49264,48868,49487,48121,2.75K,0.81%
8/23/2021,49539,49264,50506,49055,5.42K,0.56%
8/24/2021,47714,49539,49857,47604,4.77K,-3.68%
8/25/2021,48989,47714,49244,47158,4.12K,2.67%
8/26/2021,46832,48989,49385,46371,6.48K,-4.40%
8/27/2021,49076,46832,49159,46365,5.80K,4.79%
8/28/2021,48914,49076,49310,48400,2.30K,-0.33%
8/29/2021,48800,48914,49650,47844,4.05K,-0.23%
8/30/2021,47008,48800,48916,46904,4.12K,-3.67%
8/31/2021,47157,47008,48241,46725,4.30K,0.32%
9/1/2021,48844,47157,49102,46600,5.71K,3.58%
9/2/2021,49291,48844,50365,48633,4.95K,0.92%
9/3/2021,50000,49291,51032,48362,7.33K,1.44%
9/4/2021,49899,50000,50529,49418,2.37K,-0.20%
9/5/2021,51762,49899,51900,49500,5.54K,3.73%
9/6/2021,52676,51762,52709,51062,4.84K,1.77%
9/7/2021,46778,52676,52888,43347,16.70K,-11.20%
9/8/2021,46088,46778,47342,44510,7.55K,-1.48%
9/9/2021,46082,46088,46543,45591,4.19K,-0.01%
